company,sector,year,current_ratio,debt_to_equity,roa,roe,gross_margin,operating_margin,interest_coverage,asset_turnover,revenue_growth,cash_ratio,altman_z_score,mda_sentiment,news_sentiment,days_payable_outstanding,distressed
AlphaCorp,Technology,2021,2.35,1.48,0.0959,0.0463,0.3352,0.154,3.84,0.58,0.0105,0.2408,2.89,-0.037,-0.168,71.2,0
BetaInc,Finance,2020,1.63,2.39,0.029,0.1106,0.3354,0.0888,5.03,0.75,0.1562,0.5813,2.16,0.131,-0.197,56.0,1
GammaTech,Retail,2021,1.17,3.37,-0.1745,0.0042,0.2174,-0.1271,2.03,0.48,-0.0275,0.3142,1.57,0.02,0.016,76.0,1
DeltaFin,Manufacturing,2018,2.08,3.35,-0.0989,0.0928,0.1349,0.1754,4.31,1.11,-0.0425,0.3789,1.62,-0.028,0.006,74.7,0
EpsilonMfg,Energy,2022,1.95,2.03,-0.0185,0.1278,0.3771,0.0375,7.37,0.95,0.1528,0.231,2.11,-0.037,-0.263,65.6,0
ZetaRetail,Healthcare,2020,1.74,1.37,-0.053,0.1718,0.3391,-0.0695,4.09,0.67,0.0453,0.2665,1.93,0.033,0.118,59.7,1
EtaEnergy,Real Estate,2020,2.15,1.95,0.0286,0.1473,0.3923,0.2577,7.33,0.93,0.1373,0.7018,2.98,0.097,0.314,59.4,0
ThetaMedia,Transportation,2020,2.01,1.41,0.2311,0.1896,0.3574,0.133,9.03,1.19,0.1275,0.5252,3.24,0.286,0.393,32.2,0
IotaBank,Technology,2020,2.43,1.65,-0.0449,-0.2312,0.2775,0.1019,6.06,0.84,-0.0819,0.4869,2.81,0.163,-0.317,86.3,0
KappaPharm,Finance,2022,1.82,3.18,-0.0071,-0.1527,0.4709,0.0943,2.03,0.82,0.0525,0.3803,1.89,0.051,0.405,85.4,1
LambdaAuto,Retail,2021,1.97,1.49,0.1056,0.0325,0.416,0.161,6.04,1.15,0.166,0.5834,3.45,-0.079,-0.031,55.5,0
MuConsult,Manufacturing,2018,1.3,3.31,0.0917,-0.1092,0.2009,-0.0207,3.7,0.96,-0.2595,0.3223,1.29,0.054,-0.097,80.0,1
NuLogistics,Energy,2022,1.14,1.72,-0.0045,0.0492,0.2825,0.0741,7.28,0.94,0.1558,0.3148,2.4,0.144,0.518,48.6,1
XiTelecom,Healthcare,2022,1.35,4.28,-0.0199,-0.1049,0.1827,0.0358,1.24,0.53,0.1866,0.4868,1.74,-0.14,-0.031,97.4,1
OmicronReal,Real Estate,2018,1.37,3.18,-0.0398,-0.012,0.3267,0.1073,4.99,0.5,0.0369,0.1075,1.06,-0.219,-0.137,58.0,1
PiConstruct,Transportation,2019,1.52,3.92,0.0067,0.0081,0.2005,-0.0411,5.72,0.95,-0.0327,0.2628,1.9,-0.244,0.002,73.3,0
RhoInsure,Technology,2022,0.42,2.8,-0.1088,-0.015,0.2714,-0.0082,8.28,0.58,-0.0315,0.276,1.07,-0.413,-0.052,97.4,1
SigmaFood,Finance,2021,1.48,1.8,-0.0994,0.037,0.4455,0.1006,5.54,1.03,0.0537,0.4531,2.7,-0.162,-0.449,58.9,0
TauApparel,Retail,2020,0.79,3.49,0.0219,0.0764,0.4282,0.0001,2.48,0.65,-0.001,0.01,2.29,-0.418,0.083,66.6,0
UpsilonMine,Manufacturing,2020,2.33,3.07,0.0385,0.1743,0.2259,0.1895,6.97,0.65,0.1902,0.1052,1.85,0.188,0.204,67.6,0
PhiAirline,Energy,2022,2.19,1.39,0.182,0.0545,0.541,0.175,10.67,1.1,0.037,0.6619,3.07,0.221,0.311,61.2,0
ChiHotel,Healthcare,2020,1.61,2.68,-0.1368,0.1013,0.3356,-0.0344,7.98,0.86,0.1321,0.2837,2.48,0.278,-0.114,83.1,0
PsiDefense,Real Estate,2022,2.41,1.82,0.096,0.2263,0.3781,0.265,4.51,0.56,0.0591,0.4337,2.6,-0.299,0.071,40.4,0
OmegaUtil,Transportation,2020,2.34,0.85,0.148,0.0968,0.447,0.1566,5.58,1.18,0.0378,0.5771,2.93,0.18,0.492,78.0,0
AlphaTwo,Technology,2021,1.87,2.78,-0.0131,-0.0186,0.4146,0.0516,4.33,1.55,0.013,0.261,1.54,0.246,-0.14,59.6,1
BetaTwo,Finance,2021,2.18,1.1,0.0188,0.0752,0.3364,0.1406,9.22,1.31,0.2397,0.5386,2.86,0.232,0.661,58.6,0
GammaTwo,Retail,2018,2.51,1.3,0.0864,0.1294,0.1922,0.2518,9.29,1.55,0.1111,0.535,3.63,-0.099,0.723,39.8,0
DeltaTwo,Manufacturing,2019,1.68,1.7,0.008,0.16,0.6872,0.0211,8.31,0.97,0.0355,0.5473,3.59,0.374,0.03,76.7,0
EpsilonTwo,Energy,2020,1.29,3.29,0.1009,-0.0116,0.3317,0.0018,6.69,0.8,-0.028,0.3819,2.32,-0.466,0.048,64.2,1
ZetaTwo,Healthcare,2020,0.98,3.51,-0.2753,-0.0,0.346,-0.1437,0.5,0.79,-0.0966,0.3149,0.75,0.029,-0.046,97.6,1
AlphaCorp,Real Estate,2018,1.27,3.91,-0.0488,-0.0532,0.2577,0.133,7.2,1.21,0.1233,0.0447,1.91,-0.256,-0.143,71.1,1
BetaInc,Transportation,2019,1.86,2.63,0.068,0.0829,0.2813,0.1479,10.68,1.3,0.2456,0.2838,2.07,0.061,0.077,71.6,0
GammaTech,Technology,2022,1.55,2.14,-0.2092,0.0103,0.3936,0.0926,2.3,1.13,-0.0781,0.1581,1.56,-0.02,-0.331,67.9,1
DeltaFin,Finance,2021,2.05,1.72,0.0157,0.0352,0.3766,0.081,6.17,1.04,0.0453,0.6154,1.68,0.358,0.359,29.1,0
EpsilonMfg,Retail,2021,1.01,3.63,0.0753,0.0671,0.2037,0.0036,6.36,0.56,0.0919,0.2589,1.7,0.108,0.056,63.9,1
ZetaRetail,Manufacturing,2022,1.54,3.78,0.0579,0.058,0.3175,0.0908,6.63,0.69,-0.0573,0.2476,1.36,0.109,-0.207,88.2,0
EtaEnergy,Energy,2022,2.08,2.32,0.1104,0.2512,0.411,0.0287,5.5,0.61,0.0483,0.0913,2.45,0.442,0.172,56.5,1
ThetaMedia,Healthcare,2019,1.58,4.1,0.0882,0.0465,0.4742,0.0277,2.27,0.66,0.0429,0.2874,2.42,-0.012,0.156,82.4,0
IotaBank,Real Estate,2019,0.94,3.02,0.0127,-0.0392,0.5557,-0.0518,3.05,1.3,-0.0681,0.1671,2.9,0.188,-0.131,68.8,0
KappaPharm,Transportation,2021,1.57,3.83,-0.0453,-0.2075,0.3353,0.0392,5.08,0.49,-0.1501,0.4166,1.5,0.035,-0.081,74.1,0
LambdaAuto,Technology,2019,2.47,1.46,0.0821,0.1461,0.1307,0.0722,8.32,1.19,0.1116,0.01,2.21,-0.065,0.177,70.3,1
MuConsult,Finance,2020,2.29,1.69,0.0038,-0.181,0.457,0.1395,3.71,0.54,-0.0452,0.4866,2.41,-0.062,-0.125,44.8,1
NuLogistics,Retail,2022,1.54,4.11,-0.0411,0.1376,0.4961,-0.0689,6.14,0.78,-0.0465,0.4042,1.85,-0.086,-0.027,59.9,1
XiTelecom,Manufacturing,2019,1.51,0.47,0.0873,-0.0262,0.4131,0.1631,9.25,1.16,0.0041,0.322,3.32,0.124,0.381,45.4,0
OmicronReal,Energy,2020,1.28,4.32,-0.02,0.0446,0.3955,0.1276,5.35,0.74,-0.0179,0.4189,0.99,-0.065,-0.197,77.2,1
PiConstruct,Healthcare,2019,1.71,4.34,-0.0337,0.019,0.343,0.1945,5.24,0.94,0.0808,0.3251,1.69,0.008,0.185,55.6,1
RhoInsure,Real Estate,2018,1.94,2.37,0.0715,0.0619,0.5864,0.0226,3.84,1.16,0.0359,0.2643,3.28,0.239,0.038,34.5,0
SigmaFood,Transportation,2018,0.98,4.01,-0.0161,0.0222,0.1725,0.2468,1.98,0.84,-0.0433,0.0752,1.32,-0.106,-0.225,85.8,0
TauApparel,Technology,2021,1.59,2.9,-0.0952,0.0774,0.3477,0.0841,4.26,0.71,0.2393,0.53,2.64,0.25,0.216,56.5,0
UpsilonMine,Finance,2021,1.61,2.1,-0.0533,0.0085,0.5242,0.1432,5.21,1.07,0.2047,0.4753,2.27,-0.087,0.17,66.7,0
PhiAirline,Retail,2019,2.13,3.09,0.0865,0.1571,0.2663,0.2014,7.38,1.45,-0.0493,0.2355,0.98,0.068,0.033,62.5,0
ChiHotel,Manufacturing,2021,1.05,3.49,-0.0533,0.01,0.4217,0.0358,7.11,1.08,-0.2219,0.1536,1.17,0.355,-0.063,90.5,0
PsiDefense,Energy,2019,1.22,3.24,0.0089,0.1128,0.2735,0.2357,3.3,0.59,0.2111,0.01,2.4,0.023,-0.115,59.4,0
OmegaUtil,Healthcare,2018,2.73,2.36,-0.0224,0.0621,0.4416,0.1259,4.4,0.89,0.3302,0.3289,2.93,-0.039,0.269,51.3,0
AlphaTwo,Real Estate,2018,2.57,2.37,0.1276,0.0333,0.4004,0.0786,5.88,0.98,-0.0258,0.344,2.08,0.054,0.16,50.9,1
BetaTwo,Transportation,2019,2.07,1.88,0.0754,-0.0652,0.431,-0.0477,6.42,1.15,0.157,0.2808,2.67,0.044,0.108,51.8,0
GammaTwo,Technology,2019,1.7,3.27,-0.0838,0.1719,0.211,0.0893,4.19,0.87,0.0557,0.3567,2.15,0.313,0.078,63.3,1
DeltaTwo,Finance,2021,1.45,3.07,-0.0221,0.0016,0.2104,-0.0745,8.69,0.66,-0.1089,0.01,1.65,-0.289,0.304,79.6,0
EpsilonTwo,Retail,2019,1.54,0.41,0.0153,0.2478,0.4094,0.1423,11.13,0.94,0.224,0.4047,2.85,-0.112,0.007,37.9,0
ZetaTwo,Manufacturing,2022,1.68,1.91,0.0051,0.2448,0.2735,0.1348,8.23,1.11,0.0055,0.2546,2.5,0.244,0.08,63.7,0
AlphaCorp,Energy,2018,1.86,4.43,0.0118,-0.1274,0.1578,0.0033,4.14,0.35,-0.0044,0.3794,0.78,-0.086,0.032,86.7,1
BetaInc,Healthcare,2019,1.21,3.49,-0.038,-0.0571,0.3881,0.2186,3.4,0.47,-0.0317,0.6445,1.18,0.225,0.247,67.2,0
GammaTech,Real Estate,2018,2.3,0.79,0.1686,-0.0511,0.2595,0.0401,11.82,1.14,0.1938,0.422,2.52,0.271,-0.197,40.5,0
DeltaFin,Transportation,2019,1.36,3.02,-0.103,0.0307,0.207,0.0355,7.91,0.75,0.144,0.0856,1.39,-0.366,-0.059,81.7,1
EpsilonMfg,Technology,2018,2.24,1.85,0.015,-0.0426,0.2149,0.0061,5.77,1.31,0.0683,0.4021,2.54,0.182,0.365,32.6,0
ZetaRetail,Finance,2021,1.6,3.18,-0.0562,0.1,0.303,-0.0124,6.59,0.65,0.0139,0.2994,2.34,0.071,-0.029,77.2,1
EtaEnergy,Retail,2022,1.3,2.5,0.0089,-0.0089,0.3717,0.1411,6.54,0.83,0.1096,0.3397,2.11,-0.228,-0.289,46.7,0
ThetaMedia,Manufacturing,2018,1.76,2.25,0.0119,-0.0446,0.1855,0.1607,7.16,1.49,-0.0945,0.297,2.11,0.225,-0.084,49.2,0
IotaBank,Energy,2021,2.02,1.59,0.1761,0.0239,0.4601,0.0198,10.44,1.16,0.2295,0.4049,2.88,0.364,-0.102,28.1,0
KappaPharm,Healthcare,2022,1.36,1.18,0.1397,0.0428,0.2956,0.2017,5.78,1.43,0.1381,0.2906,3.36,-0.029,0.219,61.5,0
LambdaAuto,Real Estate,2018,2.52,1.75,0.0599,-0.0571,0.2746,0.2277,6.0,0.73,0.1313,0.5555,2.91,0.317,-0.06,38.8,0
MuConsult,Transportation,2019,1.74,3.2,-0.0774,-0.0544,0.2074,0.0345,6.76,0.84,0.2809,0.3459,1.83,-0.238,-0.099,60.8,0
NuLogistics,Technology,2021,2.69,2.26,0.0303,0.1196,0.2137,0.0178,8.8,0.69,0.1037,0.3674,2.59,-0.027,0.291,74.8,0
XiTelecom,Finance,2019,1.88,2.93,0.179,0.1457,0.1555,0.0938,10.01,1.09,0.0774,0.4732,2.01,0.141,-0.018,61.5,0
OmicronReal,Retail,2018,1.91,3.16,0.0474,0.177,0.4295,0.1355,1.6,1.21,0.0365,0.3694,2.24,0.171,0.233,71.7,0
PiConstruct,Manufacturing,2020,1.27,2.95,0.1584,-0.0059,0.4828,0.0611,7.48,0.77,0.3265,0.3248,2.6,-0.036,0.451,79.8,1
RhoInsure,Energy,2019,1.99,2.46,0.0036,-0.1647,0.4008,0.1422,5.87,0.81,-0.0992,0.4817,2.87,-0.08,-0.034,56.9,0
SigmaFood,Healthcare,2020,1.84,3.78,0.1198,0.0902,0.2728,-0.0482,3.09,0.2,0.1055,0.3013,2.42,0.291,0.02,66.7,0
TauApparel,Real Estate,2021,2.24,1.63,-0.0293,0.0944,0.3372,0.0285,5.03,0.89,0.2414,0.28,2.44,0.103,-0.163,37.5,1
UpsilonMine,Transportation,2019,1.97,2.58,0.0243,0.2924,0.2741,0.1573,4.29,0.69,-0.0212,0.6012,2.54,-0.039,0.135,59.4,0
PhiAirline,Technology,2022,1.96,1.17,0.0447,0.0352,0.5744,0.281,5.3,0.82,0.0776,0.5897,2.67,-0.008,0.083,47.9,0
ChiHotel,Finance,2022,1.82,2.19,0.0739,0.0809,0.37,0.0589,7.63,1.22,-0.0451,0.3833,3.1,0.23,0.363,48.1,0
PsiDefense,Retail,2020,2.28,1.19,0.0894,0.0893,0.472,0.3072,3.81,1.1,-0.0623,0.5028,2.58,0.135,-0.155,49.7,0
OmegaUtil,Manufacturing,2022,1.14,3.83,-0.0186,0.0195,0.3495,-0.0095,6.03,0.67,-0.0582,0.3729,1.92,-0.06,-0.293,57.0,0
AlphaTwo,Energy,2019,2.23,2.2,0.0465,-0.0961,0.3804,0.0564,10.33,1.04,0.1092,0.4334,2.03,0.485,-0.25,67.1,0
BetaTwo,Healthcare,2020,1.68,2.5,-0.0011,0.1385,0.4981,0.1968,3.05,1.0,0.178,0.1632,2.76,0.22,-0.176,68.4,0
GammaTwo,Real Estate,2018,1.7,2.18,0.1307,0.0521,0.3277,0.1375,5.44,1.17,0.1113,0.3629,2.49,0.488,0.249,85.3,0
DeltaTwo,Transportation,2021,1.33,3.22,0.0238,-0.192,0.1944,-0.0664,6.69,1.26,-0.0248,0.2443,1.64,0.152,-0.256,74.9,1
EpsilonTwo,Technology,2022,2.07,1.13,0.0484,-0.0085,0.3333,0.2591,7.06,1.36,0.2092,0.3358,2.54,-0.039,-0.076,58.2,1
ZetaTwo,Finance,2018,0.99,1.17,0.2011,0.018,0.114,-0.0183,12.07,0.8,0.1994,0.3868,2.35,0.256,-0.399,39.9,0
AlphaCorp,Retail,2019,1.89,2.9,0.0322,0.2457,0.351,0.0376,3.77,0.51,-0.1393,0.3956,2.62,-0.239,0.237,53.4,0
BetaInc,Manufacturing,2022,2.15,1.06,0.1341,0.12,0.225,0.0649,6.98,1.41,0.2493,0.6077,3.01,0.357,-0.09,51.3,0
GammaTech,Energy,2018,1.84,1.23,-0.0138,0.3243,0.3091,-0.0743,8.28,1.17,0.2059,0.4271,2.77,0.447,-0.089,47.7,0
DeltaFin,Healthcare,2019,2.06,1.41,0.0658,0.1219,0.464,-0.0524,5.99,1.08,0.0564,0.4488,3.2,-0.211,0.424,42.1,0
EpsilonMfg,Real Estate,2020,0.72,4.26,-0.0961,-0.0615,0.2433,-0.081,2.57,0.68,-0.1195,0.1451,1.46,-0.126,-0.258,93.3,1
ZetaRetail,Transportation,2021,2.57,1.53,-0.0251,-0.039,0.2958,0.1707,7.25,1.13,0.0347,0.1304,1.72,0.177,0.052,78.3,0
EtaEnergy,Technology,2018,2.2,1.18,0.163,0.3461,0.5327,0.1397,6.45,1.09,0.0519,0.2213,3.4,0.303,0.554,40.7,0
ThetaMedia,Finance,2018,1.27,2.8,-0.0016,0.1805,0.3226,-0.1045,11.23,1.14,0.2719,0.1428,1.96,0.14,0.107,68.7,1
IotaBank,Retail,2020,1.11,4.15,-0.2594,0.0062,0.2999,0.0038,3.34,1.07,0.0801,0.1246,1.51,-0.328,-0.39,68.9,0
KappaPharm,Manufacturing,2018,2.09,1.76,0.0197,0.1309,0.5403,0.0753,9.75,0.74,0.3361,0.5173,3.52,0.292,0.202,62.1,0
LambdaAuto,Energy,2018,1.2,2.66,-0.0824,0.0739,0.2946,0.0236,1.28,1.02,-0.1454,0.2999,1.93,0.231,-0.3,32.6,1
MuConsult,Healthcare,2019,1.56,1.56,0.0715,-0.1127,0.2912,0.2461,8.04,1.17,-0.024,0.1304,2.75,0.273,0.244,60.8,0
NuLogistics,Real Estate,2019,1.43,0.82,0.0837,0.1562,0.4672,0.1568,8.99,1.27,0.041,0.3188,2.86,0.217,0.009,46.3,0
XiTelecom,Transportation,2021,2.23,1.29,0.1263,-0.0159,0.176,0.1125,6.06,0.94,0.0865,0.3605,3.68,0.276,0.228,55.7,0
OmicronReal,Technology,2020,2.25,1.63,0.0862,0.0368,0.3494,0.3115,6.11,1.06,0.0937,0.349,3.0,0.268,-0.067,54.4,0
PiConstruct,Finance,2019,1.42,4.2,-0.0612,0.1359,0.2977,0.0949,2.52,0.81,0.1474,0.1985,1.36,0.05,-0.272,51.4,1
RhoInsure,Retail,2021,2.34,1.89,-0.0855,0.0204,0.3564,0.1339,6.67,0.85,0.2942,0.3979,2.69,0.176,0.253,51.0,0
SigmaFood,Manufacturing,2021,1.88,1.76,0.0922,0.1774,0.3059,0.2782,6.82,0.9,0.1154,0.6007,3.59,0.219,0.33,27.2,1
TauApparel,Energy,2019,2.05,2.29,-0.0802,0.2687,0.2545,0.1271,7.33,1.2,-0.0972,0.4847,3.79,-0.086,0.186,42.3,0
UpsilonMine,Healthcare,2019,1.77,1.41,-0.0099,0.2203,0.3457,0.1423,9.28,1.1,0.1281,0.5059,1.72,0.008,0.176,73.4,1
PhiAirline,Real Estate,2022,1.91,2.33,-0.1559,0.278,0.2989,0.1417,3.91,0.89,0.2165,0.0905,3.08,0.063,0.189,63.7,1
ChiHotel,Transportation,2022,1.02,2.35,0.0664,0.0906,0.2994,0.1926,4.99,0.8,-0.3973,0.3741,1.49,-0.112,-0.211,61.2,0
PsiDefense,Technology,2018,2.15,2.62,0.1098,0.0143,0.0691,0.2193,6.62,1.14,0.256,0.7275,2.22,0.116,0.342,48.0,0
OmegaUtil,Finance,2022,1.94,1.58,-0.0362,0.1483,0.2412,0.0373,7.1,1.11,0.001,0.2393,2.74,0.376,0.214,64.2,1
AlphaTwo,Retail,2019,1.52,0.82,0.1101,0.1991,0.4372,0.0846,10.43,1.34,-0.0247,0.4228,3.19,0.294,0.159,44.2,0
BetaTwo,Manufacturing,2018,1.87,3.13,0.0097,-0.2207,0.3248,0.1113,4.86,0.72,0.1969,0.3094,2.25,0.164,-0.198,67.0,1
GammaTwo,Energy,2018,1.27,3.87,0.0236,0.0946,0.3802,-0.0412,2.66,0.79,0.0209,0.2177,0.85,0.011,-0.186,70.7,1
DeltaTwo,Healthcare,2021,1.28,2.48,-0.1184,-0.0965,0.4537,0.0536,4.76,0.94,0.0813,0.4828,2.62,-0.069,-0.267,60.3,0
EpsilonTwo,Real Estate,2022,1.87,2.43,-0.0713,0.0681,0.2148,0.1255,4.94,0.95,0.0892,0.7122,2.61,0.329,0.416,66.7,0
ZetaTwo,Transportation,2019,1.96,2.51,0.1537,0.2231,0.4908,0.0,9.78,1.2,-0.098,0.3719,2.98,0.499,0.276,41.5,0
AlphaCorp,Technology,2018,1.51,4.51,-0.103,0.0224,0.2859,0.205,2.73,1.1,0.0173,0.2973,1.48,0.157,-0.043,56.3,1
BetaInc,Finance,2018,1.48,3.07,-0.0879,-0.1319,0.2099,0.0154,3.13,0.99,0.1589,0.1727,1.62,0.001,0.009,74.5,1
GammaTech,Retail,2020,1.8,2.73,0.073,0.2472,0.2486,-0.0603,6.36,1.07,-0.0098,0.5288,1.47,0.133,-0.13,86.5,0
DeltaFin,Manufacturing,2021,1.75,2.62,-0.068,-0.0338,0.1079,0.1817,4.57,0.94,0.0256,0.5695,2.37,0.222,0.154,76.9,0
EpsilonMfg,Energy,2018,2.51,1.1,0.0321,0.2217,0.2862,0.0332,9.74,1.06,0.2266,0.1001,2.47,0.2,0.24,59.5,0
ZetaRetail,Healthcare,2018,0.84,2.58,0.0912,-0.2792,0.2763,0.1082,6.25,1.24,0.027,0.353,1.14,-0.228,-0.386,74.8,1
EtaEnergy,Real Estate,2019,1.2,2.2,0.087,0.2436,0.1846,-0.0852,10.05,1.02,-0.0687,0.4149,1.17,0.039,0.093,73.4,0
ThetaMedia,Transportation,2022,2.15,2.18,0.1374,0.1489,0.5169,0.172,9.45,1.25,0.053,0.504,2.41,0.219,0.233,65.8,0
IotaBank,Technology,2022,0.85,3.35,-0.0919,-0.0417,0.4202,-0.0156,4.59,0.84,0.0859,0.01,1.33,-0.048,0.162,66.9,0
KappaPharm,Finance,2021,1.73,2.42,0.1407,0.1489,0.2621,0.1067,7.44,1.15,0.1516,0.2737,2.71,0.22,0.392,63.4,0
LambdaAuto,Retail,2019,0.72,3.77,-0.0192,-0.2202,0.4178,-0.0386,4.06,1.06,-0.1392,0.3855,1.87,-0.291,0.138,57.4,1
MuConsult,Manufacturing,2018,2.1,0.98,0.1772,0.1614,0.4966,0.0877,9.78,0.77,0.1977,0.4361,3.15,-0.058,-0.039,58.1,0
NuLogistics,Energy,2022,2.18,2.31,0.0062,0.1288,0.3566,-0.0094,6.32,0.61,0.1887,0.4367,2.54,0.412,0.114,37.8,1
XiTelecom,Healthcare,2022,1.4,5.51,-0.1495,-0.1856,0.152,-0.0366,5.88,0.5,0.0864,0.2273,0.73,-0.518,-0.447,71.2,0
OmicronReal,Real Estate,2022,2.36,1.57,0.0595,0.1705,0.2492,0.1631,10.41,1.18,0.1769,0.654,2.94,0.054,0.385,64.4,0
PiConstruct,Transportation,2019,1.62,1.83,0.1322,-0.0602,0.5915,0.0988,4.64,1.46,0.0071,0.4083,2.86,0.344,0.143,49.0,1
RhoInsure,Technology,2020,1.71,2.2,-0.0703,0.0879,0.4001,0.004,7.89,0.76,0.0592,0.4487,2.13,0.113,-0.09,61.3,0
SigmaFood,Finance,2021,1.79,2.01,-0.0699,0.017,0.3356,0.087,6.56,0.96,0.116,0.4973,2.26,-0.144,-0.134,51.7,0
TauApparel,Retail,2021,1.58,1.88,0.0186,-0.0429,0.4053,-0.0707,5.76,1.01,0.0628,0.7459,2.43,-0.149,0.019,39.9,1
UpsilonMine,Manufacturing,2018,1.35,2.54,-0.1067,0.0803,0.258,0.1089,6.26,1.5,0.0089,0.6393,2.72,-0.07,0.135,54.4,0
PhiAirline,Energy,2021,2.44,2.2,0.1131,0.067,0.4015,0.1003,7.16,1.01,-0.0241,0.303,2.4,0.137,0.064,72.1,1
ChiHotel,Healthcare,2019,1.4,3.5,-0.0582,-0.1672,0.4155,0.0822,2.58,1.53,0.0981,0.4185,2.61,-0.108,0.028,49.0,0
PsiDefense,Real Estate,2021,1.6,1.74,0.0303,0.1506,0.5202,0.0878,6.85,0.66,0.2879,0.1515,2.94,0.015,-0.052,44.9,1
OmegaUtil,Transportation,2020,2.61,0.79,0.039,0.1206,0.2944,0.0614,6.64,1.32,0.0217,0.61,2.55,0.215,0.029,62.2,1
AlphaTwo,Technology,2022,1.58,1.99,-0.0022,-0.0948,0.2666,0.0019,9.53,1.4,-0.0706,0.4512,2.9,-0.196,0.111,87.5,1
BetaTwo,Finance,2019,2.5,0.6,0.1617,0.1071,0.338,0.1817,9.46,0.75,0.0939,0.3754,3.04,0.047,0.388,37.3,0
GammaTwo,Retail,2019,1.82,1.42,0.1429,0.0914,0.4725,0.0535,7.13,1.27,-0.0113,0.5547,2.61,0.099,0.463,46.8,0
DeltaTwo,Manufacturing,2020,2.13,1.78,-0.011,-0.1316,0.5222,0.1414,5.83,1.2,-0.0877,0.3867,2.03,0.037,0.237,75.5,0
EpsilonTwo,Energy,2019,1.7,1.72,-0.0472,0.1295,0.3959,0.15,9.26,1.38,0.0288,0.4568,2.81,0.207,0.181,73.8,0
ZetaTwo,Healthcare,2022,2.83,0.47,0.1279,-0.0608,0.5067,0.1985,9.3,0.52,0.0628,0.5988,2.87,-0.01,0.036,47.8,0
AlphaCorp,Real Estate,2022,1.85,0.1,0.1044,0.0981,0.4315,0.3285,8.17,0.92,-0.042,0.37,3.05,0.2,0.495,56.0,0
BetaInc,Transportation,2022,1.72,2.73,-0.0471,-0.0101,0.1699,0.2433,6.04,1.54,0.2839,0.2181,2.12,0.166,-0.296,54.2,0
GammaTech,Technology,2022,2.27,1.55,0.0496,0.0222,0.2256,0.0371,6.5,0.94,0.0468,0.3727,2.51,0.403,0.294,53.0,0
DeltaFin,Finance,2022,1.96,1.78,0.0537,0.1474,0.3707,0.2623,8.6,1.3,0.2235,0.2457,2.67,0.274,0.072,47.6,0
EpsilonMfg,Retail,2018,1.72,4.53,-0.1096,-0.0301,0.1466,0.0513,4.86,0.31,-0.178,0.1913,1.16,-0.388,-0.047,80.4,1
ZetaRetail,Manufacturing,2018,1.87,1.61,0.0515,0.1207,0.4358,0.0841,6.66,1.03,0.1042,0.4977,3.41,-0.002,0.012,36.0,0
EtaEnergy,Energy,2021,0.93,4.69,-0.1213,-0.0846,0.38,-0.0456,2.18,0.9,0.0191,0.1261,0.25,-0.315,-0.027,71.9,1
ThetaMedia,Healthcare,2022,2.3,2.2,-0.0552,0.0398,0.4264,0.0046,8.74,0.67,0.0026,0.3877,2.02,-0.326,0.205,55.5,0
IotaBank,Real Estate,2022,1.81,3.18,-0.0392,0.0376,0.226,0.0667,5.81,0.78,-0.0887,0.3126,1.9,-0.114,-0.229,67.3,0
KappaPharm,Transportation,2019,1.21,1.21,-0.0938,0.1365,0.1751,0.0758,7.9,1.02,0.1089,0.3985,3.02,-0.096,-0.063,48.5,0
LambdaAuto,Technology,2021,2.21,3.6,0.059,0.2021,0.1703,0.0277,4.59,1.09,-0.0985,0.4375,2.67,0.158,0.068,52.1,1
MuConsult,Finance,2021,2.86,1.14,0.0737,0.1865,0.4543,0.312,8.65,1.39,0.2255,0.7873,3.19,0.153,0.441,50.6,0
NuLogistics,Retail,2021,1.52,3.36,-0.1125,-0.0658,0.195,0.1168,8.42,0.88,-0.0044,0.285,2.02,0.138,-0.105,76.2,1
XiTelecom,Manufacturing,2022,1.92,2.7,-0.0422,-0.1221,0.4408,0.049,7.82,1.37,-0.0139,0.3183,2.71,-0.147,-0.064,56.6,0
OmicronReal,Energy,2022,1.88,2.34,-0.1232,-0.0813,0.2772,-0.0188,4.93,0.91,0.1223,0.2919,1.47,0.138,-0.221,51.2,1
PiConstruct,Healthcare,2022,2.12,1.57,0.0495,0.0038,0.4771,0.1463,8.54,0.74,0.1623,0.5529,2.22,-0.107,-0.115,76.9,0
RhoInsure,Real Estate,2020,1.02,3.84,-0.1942,-0.0776,0.3615,0.0116,3.08,0.57,-0.1969,0.3218,1.3,-0.524,0.138,89.9,1
SigmaFood,Transportation,2020,1.4,3.83,-0.0218,-0.1529,0.4061,0.1004,0.5,0.66,0.1102,0.01,1.96,-0.115,0.192,72.6,0
TauApparel,Technology,2020,1.42,0.83,0.0151,0.2973,0.3354,0.1559,8.68,1.06,0.0755,0.2226,3.43,0.523,-0.209,39.9,1
UpsilonMine,Finance,2018,1.87,2.21,-0.0103,-0.0085,0.2849,0.0999,2.35,1.13,0.2312,0.284,2.01,0.051,0.216,59.9,0
PhiAirline,Retail,2022,2.06,2.81,-0.035,0.1233,0.3982,0.0096,6.08,0.8,0.3505,0.4132,2.29,0.131,0.301,61.5,0
ChiHotel,Manufacturing,2020,2.16,1.99,0.0198,0.2277,0.3378,0.0861,4.31,0.81,-0.0398,0.2511,2.52,-0.391,-0.228,56.3,0
PsiDefense,Energy,2021,1.41,3.18,0.0214,0.151,0.4818,-0.0517,4.43,1.12,-0.1694,0.5408,2.02,0.141,-0.007,46.6,1
OmegaUtil,Healthcare,2020,1.19,2.31,0.0692,-0.1341,0.3517,0.1084,6.45,0.84,-0.0897,0.2112,2.22,-0.193,0.373,31.4,1
AlphaTwo,Real Estate,2021,1.46,2.31,-0.0206,0.0959,0.4814,0.0574,11.26,0.74,0.1836,0.4385,3.08,-0.111,0.549,54.1,0
BetaTwo,Transportation,2020,1.89,1.78,0.0603,0.1833,0.1352,0.1464,1.81,0.72,0.2461,0.2681,1.95,0.037,0.472,37.2,1
GammaTwo,Technology,2020,2.11,1.43,0.0583,0.1465,0.3158,0.2904,7.91,1.48,0.1273,0.239,3.23,0.037,0.318,41.9,0
DeltaTwo,Finance,2021,2.29,1.04,0.0748,0.0609,0.4138,0.2567,13.24,1.24,-0.1813,0.4443,3.32,0.437,0.237,60.0,0
EpsilonTwo,Retail,2020,1.79,2.4,-0.0742,-0.1824,0.4932,0.2225,7.08,0.7,0.114,0.4618,1.98,0.019,0.251,44.9,0
ZetaTwo,Manufacturing,2021,2.02,3.32,0.0943,-0.0646,0.4426,0.1126,5.81,0.72,-0.0523,0.6402,2.21,0.191,-0.134,53.2,0
AlphaCorp,Energy,2021,1.73,3.48,-0.0812,-0.0314,0.4375,0.133,2.68,0.96,-0.2296,0.304,2.63,-0.22,-0.196,77.1,1
BetaInc,Healthcare,2020,1.8,2.38,0.0346,0.1455,0.4724,0.0491,6.93,0.82,0.3264,0.4388,2.14,0.077,0.089,69.5,0
GammaTech,Real Estate,2019,0.98,3.4,0.0382,-0.0903,0.2879,0.0617,7.23,1.03,0.0869,0.2073,1.79,-0.222,0.101,85.6,0
DeltaFin,Transportation,2021,1.89,3.76,-0.1327,-0.0142,0.1323,-0.0066,0.91,1.0,0.0427,0.2439,1.67,0.054,-0.214,53.2,1
EpsilonMfg,Technology,2020,2.01,2.15,-0.059,0.0006,0.343,0.0569,6.1,0.98,-0.1316,0.1429,1.1,0.22,0.024,75.4,1
ZetaRetail,Finance,2022,1.64,1.07,-0.0449,0.0786,0.4315,0.0467,4.96,1.23,0.1315,0.4642,2.04,0.263,-0.361,75.8,0
EtaEnergy,Retail,2019,1.64,3.03,-0.0756,-0.0126,0.106,0.0757,8.49,0.51,-0.0562,0.3549,2.45,-0.104,-0.155,43.0,0
ThetaMedia,Manufacturing,2022,2.06,3.11,-0.0063,-0.0752,0.4064,0.0804,5.68,0.64,0.1709,0.4058,1.74,0.187,-0.115,57.2,1
IotaBank,Energy,2020,2.26,2.34,0.0501,0.222,0.5162,0.0516,6.46,1.31,0.0909,0.2319,2.82,0.289,0.004,15.4,0
KappaPharm,Healthcare,2019,1.22,2.08,-0.1175,-0.1155,0.3401,-0.0202,6.67,0.89,-0.2217,0.4044,2.28,-0.212,0.068,56.3,0
LambdaAuto,Real Estate,2019,2.03,2.64,0.0492,-0.018,0.4808,0.0957,11.36,0.99,-0.2353,0.01,2.59,0.322,-0.111,85.6,1
MuConsult,Transportation,2018,0.87,3.51,-0.104,-0.0689,0.4218,0.0094,4.25,0.64,-0.1311,0.4529,2.34,-0.267,0.219,65.3,1
NuLogistics,Technology,2020,1.02,3.93,-0.0131,-0.0756,0.2477,-0.0844,4.01,0.78,-0.1305,0.2753,1.92,-0.1,0.081,60.5,1
XiTelecom,Finance,2022,2.65,1.19,0.0852,0.4128,0.4231,0.1198,9.1,1.09,-0.1223,0.5063,3.13,0.236,0.018,32.6,0
OmicronReal,Retail,2018,1.34,4.36,-0.1217,-0.2667,0.2301,0.0819,6.51,0.94,0.0058,0.281,0.97,-0.19,0.195,67.6,1
PiConstruct,Manufacturing,2019,2.53,0.76,0.2767,0.1424,0.3898,0.1869,7.07,1.5,-0.0565,0.3579,3.67,0.258,0.31,63.4,0
RhoInsure,Energy,2021,2.05,1.62,0.1487,0.1373,0.1816,0.1923,6.02,1.03,0.1833,0.289,1.91,0.407,0.315,55.7,0
SigmaFood,Healthcare,2021,1.31,2.05,0.0404,0.082,0.145,0.1078,7.7,1.05,0.0139,0.369,2.15,-0.328,0.042,60.2,0
TauApparel,Real Estate,2020,1.55,2.48,0.0269,-0.141,0.2047,0.0495,7.85,0.81,-0.0133,0.4795,2.28,0.36,0.305,58.0,0
UpsilonMine,Transportation,2019,1.55,2.35,-0.0651,0.1198,0.3264,-0.0598,4.4,0.81,0.034,0.0504,1.72,-0.648,-0.218,68.3,1
PhiAirline,Technology,2020,1.15,4.29,-0.1707,-0.1593,0.3331,0.1815,4.18,0.61,0.1027,0.3113,2.07,-0.351,0.161,54.5,1
ChiHotel,Finance,2021,2.42,3.83,-0.0119,-0.1225,0.4153,-0.0102,3.66,0.63,-0.0199,0.3192,1.32,-0.253,-0.176,57.3,1
PsiDefense,Retail,2021,1.32,3.66,-0.0477,0.0339,0.178,0.0639,3.38,1.1,0.1098,0.2228,2.65,-0.095,-0.358,59.2,0
OmegaUtil,Manufacturing,2021,1.93,1.47,0.04,0.1607,0.3151,0.2872,3.95,1.35,0.0544,0.5262,2.84,0.381,0.043,39.7,0
AlphaTwo,Energy,2019,0.8,3.45,-0.1701,-0.1376,0.165,-0.1668,4.9,0.42,0.0682,0.2775,1.26,0.159,-0.405,90.2,0
BetaTwo,Healthcare,2021,1.68,1.43,0.1574,0.2379,0.3448,0.1426,7.67,0.68,0.168,0.4332,3.67,0.044,0.384,62.3,0
GammaTwo,Real Estate,2018,1.04,1.78,-0.0137,0.0646,0.1455,0.2305,6.59,1.06,0.0867,0.5575,1.79,0.122,0.306,56.1,0
DeltaTwo,Transportation,2022,2.02,1.83,0.0574,-0.0243,0.3863,0.1366,9.99,0.79,0.2075,0.394,2.47,-0.088,0.525,49.3,0
EpsilonTwo,Technology,2018,2.1,2.08,0.0446,0.0049,0.3342,0.158,3.07,0.9,0.1425,0.6143,2.38,0.337,0.415,52.7,1
ZetaTwo,Finance,2022,2.31,1.37,0.1204,0.3102,0.3549,0.188,4.8,0.46,0.2027,0.4237,3.53,-0.071,0.266,71.2,0
AlphaCorp,Retail,2019,1.38,3.14,0.0773,-0.0119,0.434,-0.0502,6.24,0.66,-0.0704,0.2196,1.54,-0.153,0.191,70.8,0
BetaInc,Manufacturing,2020,1.56,2.17,-0.0174,0.0718,0.175,0.0117,6.68,1.18,0.2856,0.6119,2.13,-0.089,0.187,58.3,1
GammaTech,Energy,2021,2.13,2.45,0.0816,0.2649,0.5157,0.2026,7.43,1.3,0.063,0.4129,3.09,0.181,0.001,32.2,1
DeltaFin,Healthcare,2019,2.27,0.4,0.1654,0.2299,0.5136,0.1804,8.51,1.04,0.2425,0.177,3.09,0.073,0.472,39.3,0
EpsilonMfg,Real Estate,2022,1.94,1.83,0.0418,0.0618,0.4904,0.0185,5.67,1.24,-0.0083,0.5076,3.26,0.028,0.22,42.8,0
ZetaRetail,Transportation,2021,1.64,1.26,0.0021,0.0935,0.5872,0.1662,7.85,1.18,0.0886,0.4904,2.85,0.214,0.055,25.1,0
EtaEnergy,Technology,2022,1.31,3.29,0.0558,0.0355,0.4999,0.1359,8.73,0.24,0.015,0.2424,1.77,-0.203,0.041,47.2,0
ThetaMedia,Finance,2019,1.5,3.19,0.0345,0.0177,0.2482,-0.0861,7.17,0.52,0.0621,0.4175,1.66,-0.123,-0.252,76.1,1
IotaBank,Retail,2020,1.93,3.45,0.0307,0.1162,0.2381,0.0939,5.46,1.1,0.0028,0.2513,2.2,0.167,-0.145,65.4,0
KappaPharm,Manufacturing,2019,1.19,4.25,-0.0075,0.0364,0.3931,-0.0149,4.1,1.13,-0.1698,0.3172,1.17,0.109,-0.099,74.7,1
LambdaAuto,Energy,2020,0.81,3.19,-0.0635,-0.0443,0.2977,0.175,7.57,1.12,0.2746,0.3729,1.87,0.043,0.027,79.8,0
MuConsult,Healthcare,2022,1.4,4.16,-0.1575,0.0367,0.4345,0.1635,5.65,0.55,0.0577,0.1316,1.41,-0.018,-0.243,59.4,1
NuLogistics,Real Estate,2022,1.9,2.83,0.0772,-0.1037,0.3621,0.0754,6.43,0.81,0.0968,0.2105,2.0,-0.095,0.198,62.4,1
XiTelecom,Transportation,2018,2.12,2.79,0.0294,0.0393,0.482,0.1508,6.08,1.08,-0.1015,0.3922,1.81,-0.121,0.175,27.2,1
OmicronReal,Technology,2020,1.62,2.48,-0.045,0.1063,0.3689,0.2408,7.83,1.16,-0.1574,0.4134,1.87,-0.137,0.007,79.0,1
PiConstruct,Finance,2018,1.58,1.95,-0.0335,0.0665,0.3774,0.0317,0.52,0.71,0.0573,0.4414,2.22,-0.051,0.491,57.3,0
RhoInsure,Retail,2022,1.74,2.81,-0.0271,-0.0803,0.3567,-0.096,7.6,0.4,-0.0558,0.3153,1.16,-0.285,-0.055,75.9,1
SigmaFood,Manufacturing,2022,1.74,1.36,0.0389,-0.0091,0.4191,0.0647,6.32,0.59,-0.1663,0.6351,2.47,0.158,-0.124,69.6,1
TauApparel,Energy,2019,1.89,2.72,-0.0945,-0.0115,0.143,0.1081,5.43,0.77,-0.0456,0.425,2.14,-0.095,0.076,79.6,0
UpsilonMine,Healthcare,2020,2.07,1.04,-0.0414,0.2942,0.3688,0.185,8.38,1.39,-0.2205,0.4475,3.26,0.159,0.545,34.4,0
PhiAirline,Real Estate,2019,2.31,2.67,0.0316,0.0055,0.3667,0.0759,6.87,1.43,-0.0791,0.3274,2.67,-0.008,0.37,67.7,0
ChiHotel,Transportation,2021,1.38,3.6,0.1313,-0.0445,0.2172,0.0663,3.59,1.23,-0.0335,0.2022,1.59,0.095,-0.076,61.7,1
PsiDefense,Technology,2020,1.98,1.59,0.0905,-0.0377,0.4283,0.2033,8.59,1.03,0.0252,0.2721,3.03,-0.058,-0.145,66.7,1
OmegaUtil,Finance,2020,1.93,1.05,-0.0022,0.1275,0.3799,0.2516,9.37,1.22,0.1136,0.2539,2.95,0.168,-0.105,67.3,0
AlphaTwo,Retail,2019,1.32,3.51,-0.0038,-0.1213,0.5049,0.1401,5.49,0.8,0.0312,0.3741,1.05,0.391,-0.188,68.0,0
BetaTwo,Manufacturing,2019,2.01,3.18,-0.0953,0.0319,0.2582,0.105,8.64,0.96,-0.0917,0.4027,2.14,0.403,0.039,59.2,1
GammaTwo,Energy,2022,1.41,2.93,-0.1011,0.1468,0.2659,0.1355,3.4,1.07,0.1043,0.3763,1.68,0.059,-0.234,61.7,0
DeltaTwo,Healthcare,2019,0.99,3.34,-0.1663,0.1289,0.3548,0.1485,4.26,0.76,-0.0128,0.616,2.38,-0.007,0.019,75.8,1
EpsilonTwo,Real Estate,2018,1.18,3.68,0.0986,0.1263,0.2069,-0.1765,3.97,0.88,-0.1351,0.1213,2.0,-0.181,0.022,64.9,1
ZetaTwo,Transportation,2022,2.45,2.12,0.0458,-0.0055,0.4615,0.0196,4.31,0.94,-0.1823,0.2524,1.98,0.06,-0.19,53.6,1
AlphaCorp,Technology,2021,2.15,1.41,0.0794,0.1278,0.1727,0.1182,6.1,0.78,0.2203,0.2677,2.19,0.111,0.211,55.9,1
BetaInc,Finance,2020,2.06,0.37,0.2264,0.1322,0.3876,0.2273,12.03,1.21,0.1819,0.3987,2.58,0.025,-0.072,47.4,0
GammaTech,Retail,2021,1.77,0.87,-0.0128,-0.0649,0.186,0.1888,7.39,1.44,-0.0542,0.3754,2.05,-0.005,0.044,51.6,0
DeltaFin,Manufacturing,2022,2.07,1.94,0.118,0.1685,0.2976,0.1204,9.0,1.26,-0.0093,0.488,2.8,-0.088,0.258,57.0,1
EpsilonMfg,Energy,2019,2.09,1.27,0.0219,0.2255,0.4647,0.1467,5.12,1.07,0.2057,0.3366,3.31,0.404,0.447,57.2,0
ZetaRetail,Healthcare,2020,1.77,2.23,-0.0848,0.2606,0.5037,0.1029,9.09,1.04,0.2362,0.5546,2.34,0.289,0.095,52.4,0
EtaEnergy,Real Estate,2019,2.23,2.49,-0.0268,0.0483,0.2506,-0.0952,4.89,0.96,0.1717,0.2185,2.74,-0.181,-0.139,77.9,1
ThetaMedia,Transportation,2020,1.95,3.21,0.0279,-0.0474,0.2332,0.1326,4.29,0.83,0.0267,0.5352,2.9,-0.037,0.028,38.8,1
IotaBank,Technology,2018,1.99,3.81,-0.0874,-0.0669,0.2583,-0.1271,4.27,1.02,-0.1609,0.4327,1.87,-0.217,-0.09,90.4,1
KappaPharm,Finance,2020,1.15,3.98,-0.0133,-0.0899,0.2958,0.094,1.61,0.98,0.0359,0.428,1.15,-0.116,-0.059,83.9,0
LambdaAuto,Retail,2020,0.97,3.71,-0.0023,-0.0138,0.2942,0.089,3.54,1.29,-0.1302,0.3824,2.08,-0.132,-0.307,87.3,0
MuConsult,Manufacturing,2021,1.33,1.69,0.0748,0.0499,0.3381,0.0568,6.01,1.21,0.0049,0.1468,2.64,0.022,0.053,79.6,1
NuLogistics,Energy,2019,0.72,4.84,-0.1469,-0.1188,0.0776,-0.0217,1.5,0.43,0.1101,0.342,1.25,-0.075,-0.441,79.6,1
XiTelecom,Healthcare,2019,1.92,2.32,0.0498,-0.0825,0.2956,0.0778,3.84,0.73,0.0757,0.3579,2.58,-0.075,0.044,53.7,1
OmicronReal,Real Estate,2020,1.88,3.06,0.1658,0.1127,0.4314,-0.0509,8.83,1.02,0.0212,0.2791,1.94,0.278,0.012,57.1,1
PiConstruct,Transportation,2022,1.68,2.29,0.0748,-0.0185,0.3259,0.0953,6.96,0.97,0.0989,0.4764,2.52,0.157,-0.267,60.6,0
RhoInsure,Technology,2022,2.91,1.83,0.0942,0.2086,0.4877,0.1318,6.89,0.95,0.1594,0.3651,2.68,0.188,0.371,51.7,1
SigmaFood,Finance,2021,1.74,1.38,-0.0557,0.0545,0.6564,0.2152,6.58,1.41,-0.0196,0.3389,2.58,0.25,0.432,37.2,0
TauApparel,Retail,2022,2.24,0.9,0.0596,0.1506,0.5003,0.2381,9.51,1.1,0.2494,0.1612,3.0,0.054,0.401,36.1,0
UpsilonMine,Manufacturing,2020,2.06,1.73,0.1248,0.3321,0.208,0.2393,7.77,1.35,0.1617,0.3976,3.03,0.058,-0.047,64.0,0
PhiAirline,Energy,2018,1.24,3.41,-0.2243,0.083,0.3042,0.0541,3.41,0.93,0.1942,0.1407,2.11,-0.035,-0.272,101.4,1
ChiHotel,Healthcare,2018,1.45,3.97,-0.0365,0.0436,0.4028,0.0311,5.95,1.03,-0.0436,0.4149,1.61,-0.174,-0.342,62.6,0
PsiDefense,Real Estate,2019,1.49,3.39,-0.0212,0.1174,0.2067,0.1032,8.63,1.05,0.3202,0.4155,2.03,0.597,0.346,43.9,0
OmegaUtil,Transportation,2022,2.52,1.91,0.1686,0.0841,0.4709,0.0136,7.31,1.43,0.0639,0.1564,3.98,0.338,0.333,35.3,0
AlphaTwo,Technology,2021,1.37,4.36,-0.013,-0.0356,0.2595,0.0149,6.89,0.53,-0.0517,0.4482,1.93,-0.321,-0.12,82.1,0
BetaTwo,Finance,2020,1.8,1.62,-0.0295,-0.0007,0.3622,0.1831,4.54,0.79,-0.0333,0.2046,1.99,0.175,-0.199,68.9,0
GammaTwo,Retail,2020,1.19,2.15,-0.0269,0.035,0.34,0.0481,7.21,0.7,0.0981,0.0288,1.29,-0.435,-0.119,70.9,1
DeltaTwo,Manufacturing,2020,2.44,2.05,0.066,0.2056,0.3887,0.0835,7.43,1.34,0.0747,0.2791,2.7,0.252,0.202,62.2,0
EpsilonTwo,Energy,2019,2.26,2.6,-0.049,-0.0088,0.2378,-0.016,6.98,0.83,-0.123,0.6578,1.74,0.251,-0.273,68.3,1
ZetaTwo,Healthcare,2019,1.46,2.93,-0.0272,0.0098,0.3082,-0.0426,5.09,1.27,-0.0938,0.2117,1.89,0.06,0.437,57.5,0
AlphaCorp,Real Estate,2022,1.7,0.1,0.1287,0.0978,0.156,0.0196,7.34,0.72,0.1894,0.4777,3.12,-0.335,0.042,41.9,0
BetaInc,Transportation,2020,1.57,2.78,0.1495,0.089,0.1894,0.0044,7.47,1.02,0.048,0.6494,1.89,0.006,-0.38,77.6,1
GammaTech,Technology,2022,1.57,3.41,-0.0394,-0.2741,0.1828,0.1006,0.95,1.15,0.1254,0.294,2.03,0.058,-0.067,52.8,1
DeltaFin,Finance,2018,1.71,3.57,-0.0869,-0.0772,0.1517,-0.0786,5.69,0.63,0.2082,0.2857,1.13,-0.299,0.148,70.3,1
EpsilonMfg,Retail,2022,1.9,1.39,0.1339,0.1905,0.4304,0.2682,5.42,1.19,0.1781,0.2408,2.48,0.058,0.033,57.5,0
ZetaRetail,Manufacturing,2019,2.48,1.22,0.155,0.1205,0.3702,0.3629,5.71,0.94,-0.065,0.5423,3.5,0.491,0.369,50.2,0
EtaEnergy,Energy,2019,1.72,1.77,0.0672,0.2006,0.3499,0.0896,3.47,0.92,-0.1438,0.3577,2.99,-0.312,0.334,52.3,1
ThetaMedia,Healthcare,2021,1.25,3.69,-0.0737,-0.0545,0.3471,-0.0445,4.58,1.05,-0.1505,0.01,1.65,0.373,-0.11,78.3,1
IotaBank,Real Estate,2021,2.14,1.9,-0.0374,0.2658,0.3393,0.1459,6.86,0.74,0.1336,0.4029,2.16,0.164,-0.044,45.9,0
KappaPharm,Transportation,2019,1.86,1.51,-0.0133,0.1106,0.4312,0.1718,10.88,1.7,0.1778,0.5958,4.03,-0.008,0.18,43.9,0
LambdaAuto,Technology,2022,1.36,1.65,0.0048,-0.0813,0.428,0.0429,6.02,0.89,0.1531,0.6184,1.55,-0.195,0.056,56.0,1
MuConsult,Finance,2022,1.4,3.47,-0.0857,0.03,0.1374,0.0259,7.43,0.71,-0.1036,0.373,1.63,0.058,-0.071,44.2,1
NuLogistics,Retail,2019,1.61,2.62,-0.0227,0.1586,0.3985,0.1051,3.36,1.36,0.0172,0.4644,2.5,0.048,0.117,57.4,0
XiTelecom,Manufacturing,2022,1.91,1.81,0.0134,0.0808,0.1769,0.178,12.26,0.87,0.1196,0.5161,3.24,0.084,-0.253,57.5,1
OmicronReal,Energy,2020,0.64,4.16,-0.0041,-0.2132,0.3301,-0.0998,4.54,0.95,-0.197,0.01,0.2,-0.457,0.132,84.7,1
PiConstruct,Healthcare,2022,1.39,3.34,0.0036,0.0473,0.1767,0.0291,0.5,0.78,-0.119,0.3227,0.97,-0.179,0.126,63.6,1
RhoInsure,Real Estate,2019,1.67,3.36,-0.0309,0.0644,0.1883,-0.0564,4.83,1.04,0.1079,0.1317,2.27,0.025,-0.187,50.1,0
SigmaFood,Transportation,2020,1.72,4.1,-0.0111,0.0709,0.3171,0.2396,2.28,0.92,-0.1765,0.01,2.13,0.024,-0.064,64.5,0
TauApparel,Technology,2021,2.05,1.61,0.1414,0.1156,0.2734,0.1108,6.5,0.71,0.0534,0.3819,3.17,-0.058,-0.287,46.9,0
UpsilonMine,Finance,2020,2.46,1.35,0.2258,0.2688,0.4726,0.1472,8.82,1.07,0.0676,0.476,3.39,-0.01,0.518,50.8,0
PhiAirline,Retail,2020,0.87,0.99,0.3136,0.0441,0.3642,0.1241,6.08,1.08,-0.1836,0.5606,2.36,0.071,0.272,50.4,0
ChiHotel,Manufacturing,2022,1.64,3.32,-0.0484,-0.0488,0.4517,0.0342,5.76,1.19,-0.0186,0.53,2.17,0.075,-0.147,72.9,1
PsiDefense,Energy,2022,1.43,2.54,0.0836,-0.1057,0.2153,-0.1756,4.05,0.77,0.0724,0.0582,0.99,0.007,0.128,53.4,0
OmegaUtil,Healthcare,2022,1.57,2.65,-0.0176,0.0482,0.2409,0.1532,6.48,0.97,-0.0774,0.4057,1.8,-0.114,0.033,93.5,0
AlphaTwo,Real Estate,2018,1.27,4.25,-0.1591,-0.0237,0.1975,-0.0369,6.05,0.99,-0.1074,0.2272,1.23,0.463,-0.043,64.8,1
BetaTwo,Transportation,2020,2.06,2.34,0.0037,-0.084,0.2866,0.0814,7.25,0.81,-0.0295,0.459,2.33,0.125,0.33,56.5,0
GammaTwo,Technology,2022,0.8,3.4,0.0883,-0.0634,0.1378,0.1224,4.19,0.99,0.1078,0.2838,1.04,0.047,-0.125,85.8,1
DeltaTwo,Finance,2018,1.78,2.41,0.2157,0.157,0.5575,0.1018,6.65,1.06,0.1485,0.3586,3.21,0.252,-0.048,56.1,0
EpsilonTwo,Retail,2022,1.59,2.08,0.0437,-0.0589,0.315,0.0103,5.73,1.01,-0.1129,0.3354,1.7,0.235,-0.252,55.8,0
ZetaTwo,Manufacturing,2019,1.47,2.8,-0.0474,0.0172,0.3168,0.0192,4.14,0.4,-0.0755,0.225,1.98,0.371,-0.145,54.9,0
AlphaCorp,Energy,2019,1.85,2.17,0.0285,0.1455,0.4167,0.0197,4.86,0.96,0.0661,0.4853,2.77,0.397,-0.012,50.5,0
BetaInc,Healthcare,2020,2.15,1.52,0.0872,-0.0178,0.5536,0.1761,4.39,1.03,0.1353,0.2373,3.09,0.502,0.003,57.0,0
GammaTech,Real Estate,2020,2.28,1.38,0.1284,0.216,0.3928,0.2159,7.19,0.94,0.0149,0.3146,1.85,0.14,0.059,67.3,0
DeltaFin,Transportation,2022,1.65,2.46,0.0274,0.1069,0.4449,0.0747,8.36,1.66,0.1234,0.6039,2.67,-0.098,0.123,54.3,0
EpsilonMfg,Technology,2020,0.46,4.02,-0.0645,-0.2646,0.2006,-0.1138,4.67,0.82,-0.2194,0.1584,0.55,-0.039,0.063,66.9,1
ZetaRetail,Finance,2020,0.8,2.97,-0.0475,-0.0516,0.05,0.1145,0.5,0.76,0.1299,0.5776,1.25,-0.41,0.152,86.0,1
EtaEnergy,Retail,2020,1.48,2.6,-0.1023,-0.0143,0.4022,0.2437,3.59,0.22,-0.1238,0.5014,1.48,0.333,0.266,65.0,0
ThetaMedia,Manufacturing,2019,2.13,1.54,0.0231,0.1428,0.3682,0.0441,9.2,1.0,0.0861,0.248,3.75,0.388,0.362,44.4,0
IotaBank,Energy,2020,1.83,3.16,-0.0582,-0.0303,0.4405,-0.1582,6.07,0.57,-0.02,0.2922,2.1,-0.068,-0.189,89.4,0
KappaPharm,Healthcare,2019,1.5,2.47,-0.0289,0.284,0.2467,0.1845,5.42,1.04,0.1586,0.3398,1.75,-0.064,-0.057,90.0,0
LambdaAuto,Real Estate,2022,1.36,2.4,0.001,-0.0939,0.2295,0.122,8.01,0.78,0.2192,0.4626,2.7,-0.053,0.306,91.0,1
MuConsult,Transportation,2018,1.58,2.28,0.0563,0.0181,0.3572,0.0618,6.4,0.77,0.0679,0.275,2.04,0.213,0.198,71.1,0
NuLogistics,Technology,2019,1.91,1.95,-0.0051,0.2828,0.2723,0.0843,5.6,0.68,0.0925,0.3491,2.67,0.217,0.221,49.9,0
XiTelecom,Finance,2022,1.11,4.04,-0.1016,-0.002,0.3497,0.0441,6.83,1.33,-0.0065,0.32,1.17,-0.304,0.121,84.4,1
OmicronReal,Retail,2019,1.45,2.48,0.0183,0.0174,0.4651,-0.0266,7.55,1.2,0.1223,0.6846,2.02,0.232,0.008,76.9,0
PiConstruct,Manufacturing,2021,2.25,1.98,0.0741,0.0402,0.5111,0.0922,6.38,1.24,0.101,0.6039,2.81,0.029,0.18,47.1,0
RhoInsure,Energy,2022,2.29,2.08,-0.0739,0.2731,0.445,0.1072,6.31,0.82,-0.1787,0.1042,3.26,0.407,-0.044,68.8,0
SigmaFood,Healthcare,2019,0.87,3.98,-0.0573,-0.1622,0.2966,-0.011,7.49,0.39,-0.0558,0.2702,0.92,-0.466,0.085,85.7,1
TauApparel,Real Estate,2019,2.24,2.47,0.1388,0.1356,0.3524,0.1423,7.22,1.33,-0.0128,0.5447,2.68,0.434,0.22,42.6,0
UpsilonMine,Transportation,2020,1.64,2.76,-0.0176,0.0496,0.3849,0.0724,2.63,1.01,0.0768,0.2294,1.68,0.328,0.12,60.0,1
PhiAirline,Technology,2018,1.05,4.03,0.0843,-0.1849,0.05,0.0398,4.71,0.78,-0.0111,0.0869,1.71,0.041,-0.332,69.9,1
ChiHotel,Finance,2018,1.71,1.29,0.0769,0.0026,0.342,0.0818,9.84,0.81,0.2752,0.4922,3.37,0.253,0.05,44.6,0
PsiDefense,Retail,2019,1.77,2.04,0.0219,0.0865,0.131,-0.0483,8.45,1.24,-0.0453,0.337,2.7,0.249,-0.32,45.8,1
OmegaUtil,Manufacturing,2020,2.1,1.04,0.1348,0.1724,0.2881,0.1777,9.97,1.33,0.0798,0.3523,3.38,-0.073,0.222,35.2,0
AlphaTwo,Energy,2020,2.24,0.61,0.1808,0.2793,0.491,0.0899,7.78,1.1,0.0166,0.678,3.12,-0.338,0.229,44.7,0
BetaTwo,Healthcare,2022,1.99,2.56,-0.12,-0.126,0.337,0.1026,9.09,0.96,-0.073,0.4459,2.33,-0.02,-0.278,61.5,1
GammaTwo,Real Estate,2022,1.96,0.76,0.1717,0.1722,0.3449,0.1924,8.64,0.75,0.0803,0.2513,3.08,0.012,0.103,51.1,0
DeltaTwo,Transportation,2021,1.37,1.53,0.0121,-0.0215,0.5041,0.2894,8.54,1.09,0.0496,0.2428,3.26,0.104,-0.002,68.1,0
EpsilonTwo,Technology,2018,1.81,2.74,0.0642,0.2344,0.3548,0.0519,8.17,0.96,-0.0644,0.6117,2.5,-0.226,0.378,47.8,0
ZetaTwo,Finance,2020,1.96,2.8,0.1273,0.1734,0.3411,-0.0516,3.43,1.24,0.1633,0.2784,1.99,-0.104,0.116,59.0,0
AlphaCorp,Retail,2022,1.54,3.01,0.1037,-0.043,0.3748,-0.0727,6.79,0.8,-0.0697,0.2021,1.89,0.081,-0.263,60.3,0
BetaInc,Manufacturing,2020,2.01,1.29,-0.0417,-0.0199,0.4136,0.0771,9.6,1.16,-0.0427,0.4543,2.29,0.178,0.234,72.0,0
GammaTech,Energy,2018,2.41,2.25,0.1754,0.1213,0.3586,0.048,6.05,1.03,-0.1201,0.294,2.96,0.189,-0.055,36.3,0
DeltaFin,Healthcare,2022,2.02,2.47,-0.05,0.0137,0.4379,0.0525,3.9,0.48,0.0147,0.1724,1.97,0.314,0.004,54.6,1
EpsilonMfg,Real Estate,2019,2.46,2.04,-0.085,0.1313,0.4816,0.1187,10.98,1.22,0.1407,0.5481,2.83,-0.367,0.003,69.1,0
ZetaRetail,Transportation,2021,1.89,1.56,-0.0246,-0.0252,0.5422,0.0475,8.86,0.96,-0.0431,0.2117,2.24,0.076,0.19,52.4,0
EtaEnergy,Technology,2020,1.76,1.62,0.0046,0.0519,0.4128,0.0808,7.81,1.35,-0.0271,0.3176,2.94,0.428,-0.148,34.6,0
ThetaMedia,Finance,2019,0.86,3.68,-0.0906,-0.252,0.1378,0.1206,0.5,0.66,0.0316,0.5273,0.98,-0.172,-0.176,96.1,1
IotaBank,Retail,2022,1.9,2.67,0.0847,0.0759,0.4664,0.1128,4.5,0.6,0.2133,0.0311,2.45,0.696,0.169,54.8,0
KappaPharm,Manufacturing,2018,1.46,2.86,-0.1094,0.0396,0.3373,0.1114,9.52,0.89,0.0629,0.8334,2.66,0.487,0.205,47.9,0
LambdaAuto,Energy,2020,1.84,1.14,0.0988,0.3029,0.3517,0.1968,5.05,1.32,-0.1084,0.5401,2.99,0.171,0.095,33.8,0
MuConsult,Healthcare,2018,1.78,0.86,0.0852,-0.0458,0.4068,0.3131,8.76,0.99,0.0288,0.5616,2.75,0.577,0.552,51.6,0
NuLogistics,Real Estate,2022,1.98,3.15,-0.0774,-0.0971,0.3067,0.0735,8.7,0.21,-0.1014,0.2881,1.66,-0.153,-0.099,53.6,1
XiTelecom,Transportation,2022,1.8,1.94,-0.023,-0.0344,0.3067,0.1386,4.32,0.78,-0.0072,0.3408,2.4,0.46,0.152,68.4,0
OmicronReal,Technology,2022,1.41,2.61,0.0673,-0.0488,0.2516,-0.0181,7.56,0.71,0.1172,0.2496,1.27,-0.121,-0.055,68.5,1
PiConstruct,Finance,2020,2.0,1.09,0.0531,-0.015,0.3034,0.2088,8.15,1.01,0.1833,0.4646,3.34,0.053,0.028,38.0,0
RhoInsure,Retail,2020,2.18,2.63,-0.0611,-0.0186,0.3993,-0.0616,4.17,1.26,0.0659,0.2569,2.48,0.212,0.284,45.7,0
SigmaFood,Manufacturing,2022,2.12,1.93,0.0259,0.0965,0.3836,0.2162,5.8,1.02,0.3159,0.5788,3.41,0.171,0.196,63.9,1
TauApparel,Energy,2020,1.89,1.66,0.0077,-0.0372,0.3233,0.0023,11.74,1.0,0.0678,0.4765,3.11,0.326,0.322,46.7,0
UpsilonMine,Healthcare,2021,1.7,1.92,0.0523,0.1503,0.2825,0.0803,8.4,0.45,0.1155,0.4955,2.12,0.06,0.395,63.3,0
