current_ratio,debt_to_equity,roa,roe,gross_margin,operating_margin,interest_coverage,asset_turnover,revenue_growth,cash_ratio,altman_z_score,mda_sentiment,news_sentiment,days_payable_outstanding,liquidity_stress,profit_score,leverage_danger,combined_sentiment,growth_profit_gap,efficiency,sector_encoded,year,distressed,company,sector
2.35,1.48,0.0959,0.0463,0.3352,0.154,3.84,0.58,0.0105,0.2408,2.89,-0.037,-0.168,71.2,0.5658799999999999,0.12495,0.3844155844155844,-0.1025,-0.1435,0.1944159999999999,6,2021,0,AlphaCorp,Technology
1.63,2.39,0.029,0.1106,0.3354,0.0888,5.03,0.75,0.1562,0.5813,2.16,0.131,-0.197,56.0,0.947519,0.0589,0.4742063492063492,-0.033,0.0674,0.25155,1,2020,1,BetaInc,Finance
1.17,3.37,-0.1745,0.0042,0.2174,-0.1271,2.03,0.48,-0.0275,0.3142,1.57,0.02,0.016,76.0,0.3676139999999999,-0.1508,1.6519607843137258,0.018,0.0996,0.104352,5,2021,1,GammaTech,Retail
2.08,3.35,-0.0989,0.0928,0.1349,0.1754,4.31,1.11,-0.0425,0.3789,1.62,-0.028,0.006,74.7,0.788112,0.03825,0.7754629629629631,-0.011,-0.2179,0.149739,3,2018,0,DeltaFin,Manufacturing
1.95,2.03,-0.0185,0.1278,0.3771,0.0375,7.37,0.95,0.1528,0.231,2.11,-0.037,-0.263,65.6,0.45045,0.0095,0.2750677506775068,-0.15,0.1152999999999999,0.358245,0,2022,0,EpsilonMfg,Energy
1.74,1.37,-0.053,0.1718,0.3391,-0.0695,4.09,0.67,0.0453,0.2665,1.93,0.033,0.118,59.7,0.46371,-0.06125,0.3341463414634147,0.0755,0.1148,0.227197,2,2020,1,ZetaRetail,Healthcare
2.15,1.95,0.0286,0.1473,0.3923,0.2577,7.33,0.93,0.1373,0.7018,2.98,0.097,0.314,59.4,1.50887,0.14315,0.2656675749318801,0.2055,-0.1203999999999999,0.364839,4,2020,0,EtaEnergy,Real Estate
2.01,1.41,0.2311,0.1896,0.3574,0.133,9.03,1.19,0.1275,0.5252,3.24,0.286,0.393,32.2,1.0556519999999998,0.18205,0.1559734513274336,0.3395,-0.0055,0.4253059999999999,7,2020,0,ThetaMedia,Transportation
2.43,1.65,-0.0449,-0.2312,0.2775,0.1019,6.06,0.84,-0.0819,0.4869,2.81,0.163,-0.317,86.3,1.183167,0.0285,0.271828665568369,-0.077,-0.1838,0.2331,6,2020,0,IotaBank,Technology
1.82,3.18,-0.0071,-0.1527,0.4709,0.0943,2.03,0.82,0.0525,0.3803,1.89,0.051,0.405,85.4,0.692146,0.0436,1.5588235294117652,0.228,-0.0418,0.386138,1,2022,1,KappaPharm,Finance
1.97,1.49,0.1056,0.0325,0.416,0.161,6.04,1.15,0.166,0.5834,3.45,-0.079,-0.031,55.5,1.1492980000000002,0.1333,0.2462809917355372,-0.055,0.005,0.4783999999999999,5,2021,0,LambdaAuto,Retail
1.3,3.31,0.0917,-0.1092,0.2009,-0.0207,3.7,0.96,-0.2595,0.3223,1.29,0.054,-0.097,80.0,0.41899,0.0355,0.8921832884097035,-0.0215,-0.2388,0.1928639999999999,3,2018,1,MuConsult,Manufacturing
1.14,1.72,-0.0045,0.0492,0.2825,0.0741,7.28,0.94,0.1558,0.3148,2.4,0.144,0.518,48.6,0.358872,0.0348,0.2359396433470507,0.331,0.0817,0.2655499999999999,0,2022,1,NuLogistics,Energy
1.35,4.28,-0.0199,-0.1049,0.1827,0.0358,1.24,0.53,0.1866,0.4868,1.74,-0.14,-0.031,97.4,0.6571800000000001,0.0079499999999999,3.4240000000000004,-0.0855,0.1508,0.096831,2,2022,1,XiTelecom,Healthcare
1.37,3.18,-0.0398,-0.012,0.3267,0.1073,4.99,0.5,0.0369,0.1075,1.06,-0.219,-0.137,58.0,0.147275,0.03375,0.636,-0.178,-0.0704,0.16335,4,2018,1,OmicronReal,Real Estate
1.52,3.92,0.0067,0.0081,0.2005,-0.0411,5.72,0.95,-0.0327,0.2628,1.9,-0.244,0.002,73.3,0.399456,-0.0172,0.6841186736474695,-0.121,0.0083999999999999,0.190475,7,2019,0,PiConstruct,Transportation
0.42,2.8,-0.1088,-0.015,0.2714,-0.0082,8.28,0.58,-0.0315,0.276,1.07,-0.413,-0.052,97.4,0.11592,-0.0584999999999999,0.3377563329312424,-0.2324999999999999,-0.0233,0.1574119999999999,6,2022,1,RhoInsure,Technology
1.48,1.8,-0.0994,0.037,0.4455,0.1006,5.54,1.03,0.0537,0.4531,2.7,-0.162,-0.449,58.9,0.670588,0.0005999999999999,0.3243243243243243,-0.3055,-0.0469,0.458865,1,2021,0,SigmaFood,Finance
0.79,3.49,0.0219,0.0764,0.4282,0.0001,2.48,0.65,-0.001,0.01,2.29,-0.418,0.083,66.6,0.0079,0.011,1.4016064257028114,-0.1674999999999999,-0.0011,0.27833,5,2020,0,TauApparel,Retail
2.33,3.07,0.0385,0.1743,0.2259,0.1895,6.97,0.65,0.1902,0.1052,1.85,0.188,0.204,67.6,0.245116,0.114,0.4398280802292263,0.196,0.0007,0.146835,3,2020,0,UpsilonMine,Manufacturing
2.19,1.39,0.182,0.0545,0.541,0.175,10.67,1.1,0.037,0.6619,3.07,0.221,0.311,61.2,1.449561,0.1785,0.1301498127340823,0.266,-0.1379999999999999,0.5951000000000001,0,2022,0,PhiAirline,Energy
1.61,2.68,-0.1368,0.1013,0.3356,-0.0344,7.98,0.86,0.1321,0.2837,2.48,0.278,-0.114,83.1,0.456757,-0.0856,0.3354192740926158,0.082,0.1664999999999999,0.288616,2,2020,0,ChiHotel,Healthcare
2.41,1.82,0.096,0.2263,0.3781,0.265,4.51,0.56,0.0591,0.4337,2.6,-0.299,0.071,40.4,1.045217,0.1805,0.4026548672566372,-0.1139999999999999,-0.2059,0.211736,4,2022,0,PsiDefense,Real Estate
2.34,0.85,0.148,0.0968,0.447,0.1566,5.58,1.18,0.0378,0.5771,2.93,0.18,0.492,78.0,1.3504139999999998,0.1523,0.1520572450805009,0.3359999999999999,-0.1187999999999999,0.5274599999999999,7,2020,0,OmegaUtil,Transportation
1.87,2.78,-0.0131,-0.0186,0.4146,0.0516,4.33,1.55,0.013,0.261,1.54,0.246,-0.14,59.6,0.48807,0.01925,0.6405529953917051,0.0529999999999999,-0.0386,0.64263,6,2021,1,AlphaTwo,Technology
2.18,1.1,0.0188,0.0752,0.3364,0.1406,9.22,1.31,0.2397,0.5386,2.86,0.232,0.661,58.6,1.174148,0.0797,0.1191765980498374,0.4465,0.0991,0.4406839999999999,1,2021,0,BetaTwo,Finance
2.51,1.3,0.0864,0.1294,0.1922,0.2518,9.29,1.55,0.1111,0.535,3.63,-0.099,0.723,39.8,1.34285,0.1691,0.1397849462365591,0.312,-0.1407,0.29791,5,2018,0,GammaTwo,Retail
1.68,1.7,0.008,0.16,0.6872,0.0211,8.31,0.97,0.0355,0.5473,3.59,0.374,0.03,76.7,0.919464,0.01455,0.204326923076923,0.202,0.0143999999999999,0.6665840000000001,3,2019,0,DeltaTwo,Manufacturing
1.29,3.29,0.1009,-0.0116,0.3317,0.0018,6.69,0.8,-0.028,0.3819,2.32,-0.466,0.048,64.2,0.492651,0.05135,0.491044776119403,-0.209,-0.0298,0.26536,0,2020,1,EpsilonTwo,Energy
0.98,3.51,-0.2753,-0.0,0.346,-0.1437,0.5,0.79,-0.0966,0.3149,0.75,0.029,-0.046,97.6,0.308602,-0.2095,6.88235294117647,-0.0084999999999999,0.0470999999999999,0.2733399999999999,2,2020,1,ZetaTwo,Healthcare
1.27,3.91,-0.0488,-0.0532,0.2577,0.133,7.2,1.21,0.1233,0.0447,1.91,-0.256,-0.143,71.1,0.056769,0.0421,0.5423023578363384,-0.1995,-0.0097,0.3118169999999999,4,2018,1,AlphaCorp,Real Estate
1.86,2.63,0.068,0.0829,0.2813,0.1479,10.68,1.3,0.2456,0.2838,2.07,0.061,0.077,71.6,0.527868,0.10795,0.2460243217960711,0.069,0.0977,0.36569,7,2019,0,BetaInc,Transportation
1.55,2.14,-0.2092,0.0103,0.3936,0.0926,2.3,1.13,-0.0781,0.1581,1.56,-0.02,-0.331,67.9,0.245055,-0.0583,0.9264069264069266,-0.1755,-0.1707,0.4447679999999999,6,2022,1,GammaTech,Technology
2.05,1.72,0.0157,0.0352,0.3766,0.081,6.17,1.04,0.0453,0.6154,1.68,0.358,0.359,29.1,1.26157,0.04835,0.2783171521035599,0.3585,-0.0357,0.391664,1,2021,0,DeltaFin,Finance
1.01,3.63,0.0753,0.0671,0.2037,0.0036,6.36,0.56,0.0919,0.2589,1.7,0.108,0.056,63.9,0.261489,0.03945,0.5698587127158555,0.082,0.0882999999999999,0.114072,5,2021,1,EpsilonMfg,Retail
1.54,3.78,0.0579,0.058,0.3175,0.0908,6.63,0.69,-0.0573,0.2476,1.36,0.109,-0.207,88.2,0.381304,0.07435,0.5692771084337349,-0.0489999999999999,-0.1481,0.219075,3,2022,0,ZetaRetail,Manufacturing
2.08,2.32,0.1104,0.2512,0.411,0.0287,5.5,0.61,0.0483,0.0913,2.45,0.442,0.172,56.5,0.189904,0.06955,0.4210526315789473,0.307,0.0196,0.25071,0,2022,1,EtaEnergy,Energy
1.58,4.1,0.0882,0.0465,0.4742,0.0277,2.27,0.66,0.0429,0.2874,2.42,-0.012,0.156,82.4,0.454092,0.05795,1.7982456140350878,0.072,0.0152,0.312972,2,2019,0,ThetaMedia,Healthcare
0.94,3.02,0.0127,-0.0392,0.5557,-0.0518,3.05,1.3,-0.0681,0.1671,2.9,0.188,-0.131,68.8,0.157074,-0.0195499999999999,0.9869281045751636,0.0284999999999999,-0.0162999999999999,0.72241,4,2019,0,IotaBank,Real Estate
1.57,3.83,-0.0453,-0.2075,0.3353,0.0392,5.08,0.49,-0.1501,0.4166,1.5,0.035,-0.081,74.1,0.654062,-0.00305,0.7524557956777996,-0.023,-0.1893,0.164297,7,2021,0,KappaPharm,Transportation
2.47,1.46,0.0821,0.1461,0.1307,0.0722,8.32,1.19,0.1116,0.01,2.21,-0.065,0.177,70.3,0.0247,0.07715,0.1752701080432172,0.0559999999999999,0.0394,0.155533,6,2019,1,LambdaAuto,Technology
2.29,1.69,0.0038,-0.181,0.457,0.1395,3.71,0.54,-0.0452,0.4866,2.41,-0.062,-0.125,44.8,1.114314,0.07165,0.4543010752688172,-0.0935,-0.1847,0.24678,1,2020,1,MuConsult,Finance
1.54,4.11,-0.0411,0.1376,0.4961,-0.0689,6.14,0.78,-0.0465,0.4042,1.85,-0.086,-0.027,59.9,0.622468,-0.055,0.6682926829268294,-0.0564999999999999,0.0224,0.386958,5,2022,1,NuLogistics,Retail
1.51,0.47,0.0873,-0.0262,0.4131,0.1631,9.25,1.16,0.0041,0.322,3.32,0.124,0.381,45.4,0.48622,0.1252,0.050755939524838,0.2525,-0.159,0.479196,3,2019,0,XiTelecom,Manufacturing
1.28,4.32,-0.02,0.0446,0.3955,0.1276,5.35,0.74,-0.0179,0.4189,0.99,-0.065,-0.197,77.2,0.536192,0.0537999999999999,0.8059701492537314,-0.131,-0.1455,0.29267,0,2020,1,OmicronReal,Energy
1.71,4.34,-0.0337,0.019,0.343,0.1945,5.24,0.94,0.0808,0.3251,1.69,0.008,0.185,55.6,0.555921,0.0804,0.8266666666666667,0.0965,-0.1137,0.32242,2,2019,1,PiConstruct,Healthcare
1.94,2.37,0.0715,0.0619,0.5864,0.0226,3.84,1.16,0.0359,0.2643,3.28,0.239,0.038,34.5,0.5127419999999999,0.0470499999999999,0.6155844155844157,0.1384999999999999,0.0133,0.6802239999999999,4,2018,0,RhoInsure,Real Estate
0.98,4.01,-0.0161,0.0222,0.1725,0.2468,1.98,0.84,-0.0433,0.0752,1.32,-0.106,-0.225,85.8,0.073696,0.11535,2.015075376884422,-0.1655,-0.2900999999999999,0.1448999999999999,7,2018,0,SigmaFood,Transportation
1.59,2.9,-0.0952,0.0774,0.3477,0.0841,4.26,0.71,0.2393,0.53,2.64,0.25,0.216,56.5,0.8427000000000001,-0.00555,0.6791569086651055,0.2329999999999999,0.1552,0.246867,6,2021,0,TauApparel,Technology
1.61,2.1,-0.0533,0.0085,0.5242,0.1432,5.21,1.07,0.2047,0.4753,2.27,-0.087,0.17,66.7,0.765233,0.04495,0.4022988505747127,0.0415,0.0615,0.560894,1,2021,0,UpsilonMine,Finance
2.13,3.09,0.0865,0.1571,0.2663,0.2014,7.38,1.45,-0.0493,0.2355,0.98,0.068,0.033,62.5,0.5016149999999999,0.14395,0.4181326116373478,0.0505,-0.2507,0.3861349999999999,5,2019,0,PhiAirline,Retail
1.05,3.49,-0.0533,0.01,0.4217,0.0358,7.11,1.08,-0.2219,0.1536,1.17,0.355,-0.063,90.5,0.1612799999999999,-0.00875,0.4901685393258427,0.146,-0.2577,0.455436,3,2021,0,ChiHotel,Manufacturing
1.22,3.24,0.0089,0.1128,0.2735,0.2357,3.3,0.59,0.2111,0.01,2.4,0.023,-0.115,59.4,0.0122,0.1222999999999999,0.9788519637462236,-0.046,-0.0245999999999999,0.161365,0,2019,0,PsiDefense,Energy
2.73,2.36,-0.0224,0.0621,0.4416,0.1259,4.4,0.89,0.3302,0.3289,2.93,-0.039,0.269,51.3,0.8978970000000001,0.05175,0.5351473922902494,0.115,0.2042999999999999,0.393024,2,2018,0,OmegaUtil,Healthcare
2.57,2.37,0.1276,0.0333,0.4004,0.0786,5.88,0.98,-0.0258,0.344,2.08,0.054,0.16,50.9,0.8840799999999999,0.1031,0.4023769100169779,0.107,-0.1044,0.3923919999999999,4,2018,1,AlphaTwo,Real Estate
2.07,1.88,0.0754,-0.0652,0.431,-0.0477,6.42,1.15,0.157,0.2808,2.67,0.044,0.108,51.8,0.581256,0.0138499999999999,0.2923794712286158,0.076,0.2047,0.49565,7,2019,0,BetaTwo,Transportation
1.7,3.27,-0.0838,0.1719,0.211,0.0893,4.19,0.87,0.0557,0.3567,2.15,0.313,0.078,63.3,0.60639,0.00275,0.7785714285714286,0.1955,-0.0336,0.1835699999999999,6,2019,1,GammaTwo,Technology
1.45,3.07,-0.0221,0.0016,0.2104,-0.0745,8.69,0.66,-0.1089,0.01,1.65,-0.289,0.304,79.6,0.0144999999999999,-0.0482999999999999,0.3528735632183908,0.0075,-0.0344,0.138864,1,2021,0,DeltaTwo,Finance
1.54,0.41,0.0153,0.2478,0.4094,0.1423,11.13,0.94,0.224,0.4047,2.85,-0.112,0.007,37.9,0.6232380000000001,0.0788,0.0368043087971274,-0.0525,0.0817,0.3848359999999999,5,2019,0,EpsilonTwo,Retail
1.68,1.91,0.0051,0.2448,0.2735,0.1348,8.23,1.11,0.0055,0.2546,2.5,0.244,0.08,63.7,0.427728,0.06995,0.2317961165048543,0.162,-0.1293,0.303585,3,2022,0,ZetaTwo,Manufacturing
1.86,4.43,0.0118,-0.1274,0.1578,0.0033,4.14,0.35,-0.0044,0.3794,0.78,-0.086,0.032,86.7,0.7056840000000001,0.0075499999999999,1.0674698795180724,-0.0269999999999999,-0.0077,0.0552299999999999,0,2018,1,AlphaCorp,Energy
1.21,3.49,-0.038,-0.0571,0.3881,0.2186,3.4,0.47,-0.0317,0.6445,1.18,0.225,0.247,67.2,0.7798449999999999,0.0902999999999999,1.023460410557185,0.236,-0.2502999999999999,0.1824069999999999,2,2019,0,BetaInc,Healthcare
2.3,0.79,0.1686,-0.0511,0.2595,0.0401,11.82,1.14,0.1938,0.422,2.52,0.271,-0.197,40.5,0.9706,0.10435,0.0667793744716821,0.037,0.1537,0.29583,4,2018,0,GammaTech,Real Estate
1.36,3.02,-0.103,0.0307,0.207,0.0355,7.91,0.75,0.144,0.0856,1.39,-0.366,-0.059,81.7,0.116416,-0.03375,0.3813131313131313,-0.2125,0.1084999999999999,0.15525,7,2019,1,DeltaFin,Transportation
2.24,1.85,0.015,-0.0426,0.2149,0.0061,5.77,1.31,0.0683,0.4021,2.54,0.182,0.365,32.6,0.9007040000000001,0.01055,0.3200692041522492,0.2734999999999999,0.0622,0.281519,6,2018,0,EpsilonMfg,Technology
1.6,3.18,-0.0562,0.1,0.303,-0.0124,6.59,0.65,0.0139,0.2994,2.34,0.071,-0.029,77.2,0.47904,-0.0343,0.4818181818181818,0.0209999999999999,0.0262999999999999,0.19695,1,2021,1,ZetaRetail,Finance
1.3,2.5,0.0089,-0.0089,0.3717,0.1411,6.54,0.83,0.1096,0.3397,2.11,-0.228,-0.289,46.7,0.44161,0.075,0.3816793893129771,-0.2585,-0.0315,0.308511,5,2022,0,EtaEnergy,Retail
1.76,2.25,0.0119,-0.0446,0.1855,0.1607,7.16,1.49,-0.0945,0.297,2.11,0.225,-0.084,49.2,0.52272,0.0863,0.3138075313807531,0.0705,-0.2552,0.276395,3,2018,0,ThetaMedia,Manufacturing
2.02,1.59,0.1761,0.0239,0.4601,0.0198,10.44,1.16,0.2295,0.4049,2.88,0.364,-0.102,28.1,0.817898,0.09795,0.1521531100478469,0.131,0.2097,0.533716,0,2021,0,IotaBank,Energy
1.36,1.18,0.1397,0.0428,0.2956,0.2017,5.78,1.43,0.1381,0.2906,3.36,-0.029,0.219,61.5,0.395216,0.1707,0.2037996545768566,0.095,-0.0635999999999999,0.4227079999999999,2,2022,0,KappaPharm,Healthcare
2.52,1.75,0.0599,-0.0571,0.2746,0.2277,6.0,0.73,0.1313,0.5555,2.91,0.317,-0.06,38.8,1.39986,0.1438,0.2911813643926789,0.1285,-0.0964,0.200458,4,2018,0,LambdaAuto,Real Estate
1.74,3.2,-0.0774,-0.0544,0.2074,0.0345,6.76,0.84,0.2809,0.3459,1.83,-0.238,-0.099,60.8,0.601866,-0.0214499999999999,0.4726735598227474,-0.1684999999999999,0.2463999999999999,0.1742159999999999,7,2019,0,MuConsult,Transportation
2.69,2.26,0.0303,0.1196,0.2137,0.0178,8.8,0.69,0.1037,0.3674,2.59,-0.027,0.291,74.8,0.988306,0.02405,0.2565266742338251,0.1319999999999999,0.0859,0.147453,6,2021,0,NuLogistics,Technology
1.88,2.93,0.179,0.1457,0.1555,0.0938,10.01,1.09,0.0774,0.4732,2.01,0.141,-0.018,61.5,0.889616,0.1364,0.2924151696606786,0.0614999999999999,-0.0163999999999999,0.169495,1,2019,0,XiTelecom,Finance
1.91,3.16,0.0474,0.177,0.4295,0.1355,1.6,1.21,0.0365,0.3694,2.24,0.171,0.233,71.7,0.705554,0.09145,1.9627329192546583,0.202,-0.099,0.519695,5,2018,0,OmicronReal,Retail
1.27,2.95,0.1584,-0.0059,0.4828,0.0611,7.48,0.77,0.3265,0.3248,2.6,-0.036,0.451,79.8,0.412496,0.10975,0.3938584779706275,0.2075,0.2654,0.371756,3,2020,1,PiConstruct,Manufacturing
1.99,2.46,0.0036,-0.1647,0.4008,0.1422,5.87,0.81,-0.0992,0.4817,2.87,-0.08,-0.034,56.9,0.958583,0.0728999999999999,0.4183673469387755,-0.057,-0.2414,0.324648,0,2019,0,RhoInsure,Energy
1.84,3.78,0.1198,0.0902,0.2728,-0.0482,3.09,0.2,0.1055,0.3013,2.42,0.291,0.02,66.7,0.554392,0.0358,1.2193548387096775,0.1555,0.1537,0.05456,2,2020,0,SigmaFood,Healthcare
2.24,1.63,-0.0293,0.0944,0.3372,0.0285,5.03,0.89,0.2414,0.28,2.44,0.103,-0.163,37.5,0.6272000000000001,-0.0003999999999999,0.3234126984126984,-0.03,0.2129,0.300108,4,2021,1,TauApparel,Real Estate
1.97,2.58,0.0243,0.2924,0.2741,0.1573,4.29,0.69,-0.0212,0.6012,2.54,-0.039,0.135,59.4,1.184364,0.0907999999999999,0.6000000000000001,0.048,-0.1785,0.189129,7,2019,0,UpsilonMine,Transportation
1.96,1.17,0.0447,0.0352,0.5744,0.281,5.3,0.82,0.0776,0.5897,2.67,-0.008,0.083,47.9,1.155812,0.16285,0.2203389830508474,0.0375,-0.2034,0.471008,6,2022,0,PhiAirline,Technology
1.82,2.19,0.0739,0.0809,0.37,0.0589,7.63,1.22,-0.0451,0.3833,3.1,0.23,0.363,48.1,0.697606,0.0664,0.2866492146596858,0.2965,-0.104,0.4513999999999999,1,2022,0,ChiHotel,Finance
2.28,1.19,0.0894,0.0893,0.472,0.3072,3.81,1.1,-0.0623,0.5028,2.58,0.135,-0.155,49.7,1.1463839999999998,0.1982999999999999,0.3115183246073298,-0.0099999999999999,-0.3695,0.5192,5,2020,0,PsiDefense,Retail
1.14,3.83,-0.0186,0.0195,0.3495,-0.0095,6.03,0.67,-0.0582,0.3729,1.92,-0.06,-0.293,57.0,0.425106,-0.01405,0.6341059602649006,-0.1765,-0.0487,0.234165,3,2022,0,OmegaUtil,Manufacturing
2.23,2.2,0.0465,-0.0961,0.3804,0.0564,10.33,1.04,0.1092,0.4334,2.03,0.485,-0.25,67.1,0.966482,0.0514499999999999,0.2127659574468085,0.1175,0.0528,0.395616,0,2019,0,AlphaTwo,Energy
1.68,2.5,-0.0011,0.1385,0.4981,0.1968,3.05,1.0,0.178,0.1632,2.76,0.22,-0.176,68.4,0.274176,0.09785,0.8169934640522877,0.022,-0.0188,0.4981,2,2020,0,BetaTwo,Healthcare
1.7,2.18,0.1307,0.0521,0.3277,0.1375,5.44,1.17,0.1113,0.3629,2.49,0.488,0.249,85.3,0.61693,0.1341,0.4,0.3685,-0.0262,0.3834089999999999,4,2018,0,GammaTwo,Real Estate
1.33,3.22,0.0238,-0.192,0.1944,-0.0664,6.69,1.26,-0.0248,0.2443,1.64,0.152,-0.256,74.9,0.324919,-0.0213,0.4805970149253731,-0.052,0.0416,0.244944,7,2021,1,DeltaTwo,Transportation
2.07,1.13,0.0484,-0.0085,0.3333,0.2591,7.06,1.36,0.2092,0.3358,2.54,-0.039,-0.076,58.2,0.6951059999999999,0.15375,0.1598302687411598,-0.0574999999999999,-0.0499,0.453288,6,2022,1,EpsilonTwo,Technology
0.99,1.17,0.2011,0.018,0.114,-0.0183,12.07,0.8,0.1994,0.3868,2.35,0.256,-0.399,39.9,0.382932,0.0914,0.0968543046357615,-0.0715,0.2177,0.0912,1,2018,0,ZetaTwo,Finance
1.89,2.9,0.0322,0.2457,0.351,0.0376,3.77,0.51,-0.1393,0.3956,2.62,-0.239,0.237,53.4,0.747684,0.0349,0.7671957671957672,-0.001,-0.1769,0.17901,5,2019,0,AlphaCorp,Retail
2.15,1.06,0.1341,0.12,0.225,0.0649,6.98,1.41,0.2493,0.6077,3.01,0.357,-0.09,51.3,1.306555,0.0995,0.1516452074391988,0.1335,0.1844,0.31725,3,2022,0,BetaInc,Manufacturing
1.84,1.23,-0.0138,0.3243,0.3091,-0.0743,8.28,1.17,0.2059,0.4271,2.77,0.447,-0.089,47.7,0.785864,-0.04405,0.1483715319662243,0.179,0.2802,0.3616469999999999,0,2018,0,GammaTech,Energy
2.06,1.41,0.0658,0.1219,0.464,-0.0524,5.99,1.08,0.0564,0.4488,3.2,-0.211,0.424,42.1,0.924528,0.0066999999999999,0.235,0.1065,0.1088,0.50112,2,2019,0,DeltaFin,Healthcare
0.72,4.26,-0.0961,-0.0615,0.2433,-0.081,2.57,0.68,-0.1195,0.1451,1.46,-0.126,-0.258,93.3,0.104472,-0.08855,1.6511627906976745,-0.192,-0.0384999999999999,0.165444,4,2020,1,EpsilonMfg,Real Estate
2.57,1.53,-0.0251,-0.039,0.2958,0.1707,7.25,1.13,0.0347,0.1304,1.72,0.177,0.052,78.3,0.3351279999999999,0.0727999999999999,0.2107438016528925,0.1144999999999999,-0.1359999999999999,0.334254,7,2021,0,ZetaRetail,Transportation
2.2,1.18,0.163,0.3461,0.5327,0.1397,6.45,1.09,0.0519,0.2213,3.4,0.303,0.554,40.7,0.48686,0.1513499999999999,0.1826625386996904,0.4285,-0.0877999999999999,0.580643,6,2018,0,EtaEnergy,Technology
1.27,2.8,-0.0016,0.1805,0.3226,-0.1045,11.23,1.14,0.2719,0.1428,1.96,0.14,0.107,68.7,0.181356,-0.05305,0.2491103202846974,0.1235,0.3763999999999999,0.367764,1,2018,1,ThetaMedia,Finance
1.11,4.15,-0.2594,0.0062,0.2999,0.0038,3.34,1.07,0.0801,0.1246,1.51,-0.328,-0.39,68.9,0.138306,-0.1278,1.238805970149254,-0.359,0.0763,0.320893,5,2020,0,IotaBank,Retail
2.09,1.76,0.0197,0.1309,0.5403,0.0753,9.75,0.74,0.3361,0.5173,3.52,0.292,0.202,62.1,1.081157,0.0475,0.180327868852459,0.247,0.2608,0.399822,3,2018,0,KappaPharm,Manufacturing
1.2,2.66,-0.0824,0.0739,0.2946,0.0236,1.28,1.02,-0.1454,0.2999,1.93,0.231,-0.3,32.6,0.35988,-0.0294,2.062015503875969,-0.0344999999999999,-0.169,0.300492,0,2018,1,LambdaAuto,Energy
1.56,1.56,0.0715,-0.1127,0.2912,0.2461,8.04,1.17,-0.024,0.1304,2.75,0.273,0.244,60.8,0.203424,0.1588,0.1937888198757764,0.2585,-0.2701,0.340704,2,2019,0,MuConsult,Healthcare
1.43,0.82,0.0837,0.1562,0.4672,0.1568,8.99,1.27,0.041,0.3188,2.86,0.217,0.009,46.3,0.4558839999999999,0.12025,0.0911111111111111,0.113,-0.1157999999999999,0.593344,4,2019,0,NuLogistics,Real Estate
2.23,1.29,0.1263,-0.0159,0.176,0.1125,6.06,0.94,0.0865,0.3605,3.68,0.276,0.228,55.7,0.8039149999999999,0.1194,0.2125205930807249,0.252,-0.026,0.1654399999999999,7,2021,0,XiTelecom,Transportation
2.25,1.63,0.0862,0.0368,0.3494,0.3115,6.11,1.06,0.0937,0.349,3.0,0.268,-0.067,54.4,0.78525,0.19885,0.2663398692810457,0.1005,-0.2178,0.370364,6,2020,0,OmicronReal,Technology
1.42,4.2,-0.0612,0.1359,0.2977,0.0949,2.52,0.81,0.1474,0.1985,1.36,0.05,-0.272,51.4,0.28187,0.01685,1.6600790513833994,-0.111,0.0525,0.241137,1,2019,1,PiConstruct,Finance
2.34,1.89,-0.0855,0.0204,0.3564,0.1339,6.67,0.85,0.2942,0.3979,2.69,0.176,0.253,51.0,0.931086,0.0241999999999999,0.2829341317365269,0.2145,0.1603,0.30294,5,2021,0,RhoInsure,Retail
1.88,1.76,0.0922,0.1774,0.3059,0.2782,6.82,0.9,0.1154,0.6007,3.59,0.219,0.33,27.2,1.129316,0.1852,0.2576866764275256,0.2745,-0.1628,0.27531,3,2021,1,SigmaFood,Manufacturing
2.05,2.29,-0.0802,0.2687,0.2545,0.1271,7.33,1.2,-0.0972,0.4847,3.79,-0.086,0.186,42.3,0.993635,0.02345,0.3119891008174387,0.05,-0.2243,0.3054,0,2019,0,TauApparel,Energy
1.77,1.41,-0.0099,0.2203,0.3457,0.1423,9.28,1.1,0.1281,0.5059,1.72,0.008,0.176,73.4,0.895443,0.0662,0.1517761033369214,0.092,-0.0142,0.38027,2,2019,1,UpsilonMine,Healthcare
1.91,2.33,-0.1559,0.278,0.2989,0.1417,3.91,0.89,0.2165,0.0905,3.08,0.063,0.189,63.7,0.1728549999999999,-0.0071,0.5943877551020409,0.126,0.0748,0.266021,4,2022,1,PhiAirline,Real Estate
1.02,2.35,0.0664,0.0906,0.2994,0.1926,4.99,0.8,-0.3973,0.3741,1.49,-0.112,-0.211,61.2,0.381582,0.1295,0.47,-0.1615,-0.5899,0.23952,7,2022,0,ChiHotel,Transportation
2.15,2.62,0.1098,0.0143,0.0691,0.2193,6.62,1.14,0.256,0.7275,2.22,0.116,0.342,48.0,1.564125,0.16455,0.3951734539969834,0.229,0.0367,0.0787739999999999,6,2018,0,PsiDefense,Technology
1.94,1.58,-0.0362,0.1483,0.2412,0.0373,7.1,1.11,0.001,0.2393,2.74,0.376,0.214,64.2,0.464242,0.0005499999999999,0.2222222222222222,0.295,-0.0363,0.267732,1,2022,1,OmegaUtil,Finance
1.52,0.82,0.1101,0.1991,0.4372,0.0846,10.43,1.34,-0.0247,0.4228,3.19,0.294,0.159,44.2,0.642656,0.0973499999999999,0.0785440613026819,0.2264999999999999,-0.1093,0.585848,5,2019,0,AlphaTwo,Retail
1.87,3.13,0.0097,-0.2207,0.3248,0.1113,4.86,0.72,0.1969,0.3094,2.25,0.164,-0.198,67.0,0.578578,0.0605,0.6427104722792607,-0.017,0.0856,0.2338559999999999,3,2018,1,BetaTwo,Manufacturing
1.27,3.87,0.0236,0.0946,0.3802,-0.0412,2.66,0.79,0.0209,0.2177,0.85,0.011,-0.186,70.7,0.276479,-0.0088,1.449438202247191,-0.0875,0.0621,0.300358,0,2018,1,GammaTwo,Energy
1.28,2.48,-0.1184,-0.0965,0.4537,0.0536,4.76,0.94,0.0813,0.4828,2.62,-0.069,-0.267,60.3,0.617984,-0.0324,0.5199161425576521,-0.168,0.0276999999999999,0.4264779999999999,2,2021,0,DeltaTwo,Healthcare
1.87,2.43,-0.0713,0.0681,0.2148,0.1255,4.94,0.95,0.0892,0.7122,2.61,0.329,0.416,66.7,1.3318140000000005,0.0271,0.4909090909090909,0.3725,-0.0363,0.20406,4,2022,0,EpsilonTwo,Real Estate
1.96,2.51,0.1537,0.2231,0.4908,0.0,9.78,1.2,-0.098,0.3719,2.98,0.499,0.276,41.5,0.728924,0.07685,0.2563840653728294,0.3875,-0.098,0.58896,7,2019,0,ZetaTwo,Transportation
1.51,4.51,-0.103,0.0224,0.2859,0.205,2.73,1.1,0.0173,0.2973,1.48,0.157,-0.043,56.3,0.448923,0.051,1.645985401459854,0.057,-0.1876999999999999,0.31449,6,2018,1,AlphaCorp,Technology
1.48,3.07,-0.0879,-0.1319,0.2099,0.0154,3.13,0.99,0.1589,0.1727,1.62,0.001,0.009,74.5,0.255596,-0.03625,0.9777070063694268,0.0049999999999999,0.1435,0.207801,1,2018,1,BetaInc,Finance
1.8,2.73,0.073,0.2472,0.2486,-0.0603,6.36,1.07,-0.0098,0.5288,1.47,0.133,-0.13,86.5,0.95184,0.0063499999999999,0.4285714285714285,0.0015,0.0505,0.266002,5,2020,0,GammaTech,Retail
1.75,2.62,-0.068,-0.0338,0.1079,0.1817,4.57,0.94,0.0256,0.5695,2.37,0.222,0.154,76.9,0.996625,0.05685,0.5720524017467249,0.188,-0.1561,0.1014259999999999,3,2021,0,DeltaFin,Manufacturing
2.51,1.1,0.0321,0.2217,0.2862,0.0332,9.74,1.06,0.2266,0.1001,2.47,0.2,0.24,59.5,0.2512509999999999,0.03265,0.1128205128205128,0.22,0.1934,0.303372,0,2018,0,EpsilonMfg,Energy
0.84,2.58,0.0912,-0.2792,0.2763,0.1082,6.25,1.24,0.027,0.353,1.14,-0.228,-0.386,74.8,0.2965199999999999,0.0997,0.4121405750798722,-0.307,-0.0812,0.3426119999999999,2,2018,1,ZetaRetail,Healthcare
1.2,2.2,0.087,0.2436,0.1846,-0.0852,10.05,1.02,-0.0687,0.4149,1.17,0.039,0.093,73.4,0.49788,0.0008999999999999,0.2186878727634195,0.066,0.0165,0.188292,4,2019,0,EtaEnergy,Real Estate
2.15,2.18,0.1374,0.1489,0.5169,0.172,9.45,1.25,0.053,0.504,2.41,0.219,0.233,65.8,1.0836,0.1547,0.2304439746300211,0.226,-0.119,0.6461250000000001,7,2022,0,ThetaMedia,Transportation
0.85,3.35,-0.0919,-0.0417,0.4202,-0.0156,4.59,0.84,0.0859,0.01,1.33,-0.048,0.162,66.9,0.0085,-0.05375,0.7282608695652175,0.057,0.1015,0.352968,6,2022,0,IotaBank,Technology
1.73,2.42,0.1407,0.1489,0.2621,0.1067,7.44,1.15,0.1516,0.2737,2.71,0.22,0.392,63.4,0.473501,0.1237,0.3248322147651006,0.306,0.0449,0.301415,1,2021,0,KappaPharm,Finance
0.72,3.77,-0.0192,-0.2202,0.4178,-0.0386,4.06,1.06,-0.1392,0.3855,1.87,-0.291,0.138,57.4,0.27756,-0.0289,0.9262899262899263,-0.0764999999999999,-0.1006,0.442868,5,2019,1,LambdaAuto,Retail
2.1,0.98,0.1772,0.1614,0.4966,0.0877,9.78,0.77,0.1977,0.4361,3.15,-0.058,-0.039,58.1,0.91581,0.13245,0.1001021450459652,-0.0485,0.1099999999999999,0.382382,3,2018,0,MuConsult,Manufacturing
2.18,2.31,0.0062,0.1288,0.3566,-0.0094,6.32,0.61,0.1887,0.4367,2.54,0.412,0.114,37.8,0.952006,-0.0016,0.3649289099526066,0.263,0.1981,0.2175259999999999,0,2022,1,NuLogistics,Energy
1.4,5.51,-0.1495,-0.1856,0.152,-0.0366,5.88,0.5,0.0864,0.2273,0.73,-0.518,-0.447,71.2,0.31822,-0.09305,0.935483870967742,-0.4825,0.123,0.076,2,2022,0,XiTelecom,Healthcare
2.36,1.57,0.0595,0.1705,0.2492,0.1631,10.41,1.18,0.1769,0.654,2.94,0.054,0.385,64.4,1.54344,0.1113,0.1506717850287908,0.2195,0.0138,0.294056,4,2022,0,OmicronReal,Real Estate
1.62,1.83,0.1322,-0.0602,0.5915,0.0988,4.64,1.46,0.0071,0.4083,2.86,0.344,0.143,49.0,0.6614460000000001,0.1155,0.3935483870967742,0.2435,-0.0917,0.86359,7,2019,1,PiConstruct,Transportation
1.71,2.2,-0.0703,0.0879,0.4001,0.004,7.89,0.76,0.0592,0.4487,2.13,0.113,-0.09,61.3,0.767277,-0.03315,0.2784810126582279,0.0115,0.0552,0.304076,6,2020,0,RhoInsure,Technology
1.79,2.01,-0.0699,0.017,0.3356,0.087,6.56,0.96,0.116,0.4973,2.26,-0.144,-0.134,51.7,0.890167,0.0085499999999999,0.3059360730593607,-0.139,0.029,0.322176,1,2021,0,SigmaFood,Finance
1.58,1.88,0.0186,-0.0429,0.4053,-0.0707,5.76,1.01,0.0628,0.7459,2.43,-0.149,0.019,39.9,1.178522,-0.02605,0.3258232235701906,-0.065,0.1335,0.409353,5,2021,1,TauApparel,Retail
1.35,2.54,-0.1067,0.0803,0.258,0.1089,6.26,1.5,0.0089,0.6393,2.72,-0.07,0.135,54.4,0.863055,0.0010999999999999,0.405103668261563,0.0325,-0.0999999999999999,0.387,3,2018,0,UpsilonMine,Manufacturing
2.44,2.2,0.1131,0.067,0.4015,0.1003,7.16,1.01,-0.0241,0.303,2.4,0.137,0.064,72.1,0.73932,0.1067,0.3068340306834031,0.1005,-0.1244,0.405515,0,2021,1,PhiAirline,Energy
1.4,3.5,-0.0582,-0.1672,0.4155,0.0822,2.58,1.53,0.0981,0.4185,2.61,-0.108,0.028,49.0,0.5859,0.0119999999999999,1.351351351351351,-0.04,0.0159,0.635715,2,2019,0,ChiHotel,Healthcare
1.6,1.74,0.0303,0.1506,0.5202,0.0878,6.85,0.66,0.2879,0.1515,2.94,0.015,-0.052,44.9,0.2424,0.05905,0.2536443148688047,-0.0185,0.2001,0.343332,4,2021,1,PsiDefense,Real Estate
2.61,0.79,0.039,0.1206,0.2944,0.0614,6.64,1.32,0.0217,0.61,2.55,0.215,0.029,62.2,1.5920999999999998,0.0502,0.118796992481203,0.122,-0.0397,0.388608,7,2020,1,OmegaUtil,Transportation
1.58,1.99,-0.0022,-0.0948,0.2666,0.0019,9.53,1.4,-0.0706,0.4512,2.9,-0.196,0.111,87.5,0.712896,-0.00015,0.2085953878406709,-0.0425,-0.0725,0.3732399999999999,6,2022,1,AlphaTwo,Technology
2.5,0.6,0.1617,0.1071,0.338,0.1817,9.46,0.75,0.0939,0.3754,3.04,0.047,0.388,37.3,0.9385,0.1717,0.0633579725448785,0.2175,-0.0878,0.2535,1,2019,0,BetaTwo,Finance
1.82,1.42,0.1429,0.0914,0.4725,0.0535,7.13,1.27,-0.0113,0.5547,2.61,0.099,0.463,46.8,1.009554,0.0982,0.1988795518207282,0.281,-0.0648,0.600075,5,2019,0,GammaTwo,Retail
2.13,1.78,-0.011,-0.1316,0.5222,0.1414,5.83,1.2,-0.0877,0.3867,2.03,0.037,0.237,75.5,0.8236709999999999,0.0652,0.3047945205479452,0.1369999999999999,-0.2291,0.62664,3,2020,0,DeltaTwo,Manufacturing
1.7,1.72,-0.0472,0.1295,0.3959,0.15,9.26,1.38,0.0288,0.4568,2.81,0.207,0.181,73.8,0.7765599999999999,0.0514,0.1855447680690399,0.194,-0.1212,0.5463419999999999,0,2019,0,EpsilonTwo,Energy
2.83,0.47,0.1279,-0.0608,0.5067,0.1985,9.3,0.52,0.0628,0.5988,2.87,-0.01,0.036,47.8,1.694604,0.1632,0.0504833512352309,0.0129999999999999,-0.1357,0.263484,2,2022,0,ZetaTwo,Healthcare
1.85,0.1,0.1044,0.0981,0.4315,0.3285,8.17,0.92,-0.042,0.37,3.05,0.2,0.495,56.0,0.6845,0.21645,0.0122249388753056,0.3475,-0.3705,0.39698,4,2022,0,AlphaCorp,Real Estate
1.72,2.73,-0.0471,-0.0101,0.1699,0.2433,6.04,1.54,0.2839,0.2181,2.12,0.166,-0.296,54.2,0.3751319999999999,0.0980999999999999,0.4512396694214876,-0.0649999999999999,0.0406,0.261646,7,2022,0,BetaInc,Transportation
2.27,1.55,0.0496,0.0222,0.2256,0.0371,6.5,0.94,0.0468,0.3727,2.51,0.403,0.294,53.0,0.8460289999999999,0.04335,0.2380952380952381,0.3485,0.0097,0.2120639999999999,6,2022,0,GammaTech,Technology
1.96,1.78,0.0537,0.1474,0.3707,0.2623,8.6,1.3,0.2235,0.2457,2.67,0.274,0.072,47.6,0.481572,0.1579999999999999,0.2067363530778165,0.173,-0.0387999999999999,0.48191,1,2022,0,DeltaFin,Finance
1.72,4.53,-0.1096,-0.0301,0.1466,0.0513,4.86,0.31,-0.178,0.1913,1.16,-0.388,-0.047,80.4,0.329036,-0.02915,0.9301848049281316,-0.2175,-0.2293,0.045446,5,2018,1,EpsilonMfg,Retail
1.87,1.61,0.0515,0.1207,0.4358,0.0841,6.66,1.03,0.1042,0.4977,3.41,-0.002,0.012,36.0,0.930699,0.0678,0.2413793103448276,0.005,0.0201,0.448874,3,2018,0,ZetaRetail,Manufacturing
0.93,4.69,-0.1213,-0.0846,0.38,-0.0456,2.18,0.9,0.0191,0.1261,0.25,-0.315,-0.027,71.9,0.117273,-0.08345,2.1415525114155254,-0.171,0.0647,0.342,0,2021,1,EtaEnergy,Energy
2.3,2.2,-0.0552,0.0398,0.4264,0.0046,8.74,0.67,0.0026,0.3877,2.02,-0.326,0.205,55.5,0.8917099999999999,-0.0253,0.2514285714285714,-0.0605,-0.002,0.285688,2,2022,0,ThetaMedia,Healthcare
1.81,3.18,-0.0392,0.0376,0.226,0.0667,5.81,0.78,-0.0887,0.3126,1.9,-0.114,-0.229,67.3,0.565806,0.0137499999999999,0.5463917525773196,-0.1715,-0.1553999999999999,0.17628,4,2022,0,IotaBank,Real Estate
1.21,1.21,-0.0938,0.1365,0.1751,0.0758,7.9,1.02,0.1089,0.3985,3.02,-0.096,-0.063,48.5,0.482185,-0.0089999999999999,0.1529709228824273,-0.0795,0.0330999999999999,0.178602,7,2019,0,KappaPharm,Transportation
2.21,3.6,0.059,0.2021,0.1703,0.0277,4.59,1.09,-0.0985,0.4375,2.67,0.158,0.068,52.1,0.966875,0.04335,0.782608695652174,0.113,-0.1262,0.185627,6,2021,1,LambdaAuto,Technology
2.86,1.14,0.0737,0.1865,0.4543,0.312,8.65,1.39,0.2255,0.7873,3.19,0.153,0.441,50.6,2.251678,0.19285,0.1316397228637413,0.297,-0.0865,0.631477,1,2021,0,MuConsult,Finance
1.52,3.36,-0.1125,-0.0658,0.195,0.1168,8.42,0.88,-0.0044,0.285,2.02,0.138,-0.105,76.2,0.4332,0.0021499999999999,0.398576512455516,0.0165,-0.1212,0.1716,5,2021,1,NuLogistics,Retail
1.92,2.7,-0.0422,-0.1221,0.4408,0.049,7.82,1.37,-0.0139,0.3183,2.71,-0.147,-0.064,56.6,0.611136,0.0034,0.3448275862068966,-0.1055,-0.0629,0.6038960000000001,3,2022,0,XiTelecom,Manufacturing
1.88,2.34,-0.1232,-0.0813,0.2772,-0.0188,4.93,0.91,0.1223,0.2919,1.47,0.138,-0.221,51.2,0.5487719999999999,-0.071,0.4736842105263158,-0.0414999999999999,0.1411,0.252252,0,2022,1,OmicronReal,Energy
2.12,1.57,0.0495,0.0038,0.4771,0.1463,8.54,0.74,0.1623,0.5529,2.22,-0.107,-0.115,76.9,1.172148,0.0979,0.183625730994152,-0.111,0.0159999999999999,0.353054,2,2022,0,PiConstruct,Healthcare
1.02,3.84,-0.1942,-0.0776,0.3615,0.0116,3.08,0.57,-0.1969,0.3218,1.3,-0.524,0.138,89.9,0.3282359999999999,-0.0913,1.242718446601942,-0.193,-0.2085,0.206055,4,2020,1,RhoInsure,Real Estate
1.4,3.83,-0.0218,-0.1529,0.4061,0.1004,0.5,0.66,0.1102,0.01,1.96,-0.115,0.192,72.6,0.0139999999999999,0.0393,7.509803921568627,0.0385,0.0098,0.268026,7,2020,0,SigmaFood,Transportation
1.42,0.83,0.0151,0.2973,0.3354,0.1559,8.68,1.06,0.0755,0.2226,3.43,0.523,-0.209,39.9,0.316092,0.0855,0.095512082853855,0.157,-0.0804,0.355524,6,2020,1,TauApparel,Technology
1.87,2.21,-0.0103,-0.0085,0.2849,0.0999,2.35,1.13,0.2312,0.284,2.01,0.051,0.216,59.9,0.53108,0.0448,0.9364406779661018,0.1335,0.1312999999999999,0.321937,1,2018,0,UpsilonMine,Finance
2.06,2.81,-0.035,0.1233,0.3982,0.0096,6.08,0.8,0.3505,0.4132,2.29,0.131,0.301,61.5,0.8511920000000001,-0.0127,0.4614121510673235,0.216,0.3409,0.31856,5,2022,0,PhiAirline,Retail
2.16,1.99,0.0198,0.2277,0.3378,0.0861,4.31,0.81,-0.0398,0.2511,2.52,-0.391,-0.228,56.3,0.542376,0.05295,0.4606481481481482,-0.3095,-0.1259,0.273618,3,2020,0,ChiHotel,Manufacturing
1.41,3.18,0.0214,0.151,0.4818,-0.0517,4.43,1.12,-0.1694,0.5408,2.02,0.141,-0.007,46.6,0.7625279999999999,-0.01515,0.7162162162162163,0.0669999999999999,-0.1177,0.5396160000000001,0,2021,1,PsiDefense,Energy
1.19,2.31,0.0692,-0.1341,0.3517,0.1084,6.45,0.84,-0.0897,0.2112,2.22,-0.193,0.373,31.4,0.251328,0.0887999999999999,0.3575851393188854,0.09,-0.1981,0.295428,2,2020,1,OmegaUtil,Healthcare
1.46,2.31,-0.0206,0.0959,0.4814,0.0574,11.26,0.74,0.1836,0.4385,3.08,-0.111,0.549,54.1,0.64021,0.0184,0.2049689440993789,0.219,0.1262,0.356236,4,2021,0,AlphaTwo,Real Estate
1.89,1.78,0.0603,0.1833,0.1352,0.1464,1.81,0.72,0.2461,0.2681,1.95,0.037,0.472,37.2,0.506709,0.10335,0.978021978021978,0.2545,0.0997,0.0973439999999999,7,2020,1,BetaTwo,Transportation
2.11,1.43,0.0583,0.1465,0.3158,0.2904,7.91,1.48,0.1273,0.239,3.23,0.037,0.318,41.9,0.5042899999999999,0.17435,0.1805555555555555,0.1775,-0.1631,0.467384,6,2020,0,GammaTwo,Technology
2.29,1.04,0.0748,0.0609,0.4138,0.2567,13.24,1.24,-0.1813,0.4443,3.32,0.437,0.237,60.0,1.017447,0.16575,0.0784905660377358,0.3369999999999999,-0.4379999999999999,0.513112,1,2021,0,DeltaTwo,Finance
1.79,2.4,-0.0742,-0.1824,0.4932,0.2225,7.08,0.7,0.114,0.4618,1.98,0.019,0.251,44.9,0.826622,0.07415,0.3385049365303244,0.135,-0.1085,0.34524,5,2020,0,EpsilonTwo,Retail
2.02,3.32,0.0943,-0.0646,0.4426,0.1126,5.81,0.72,-0.0523,0.6402,2.21,0.191,-0.134,53.2,1.293204,0.10345,0.5704467353951891,0.0284999999999999,-0.1649,0.318672,3,2021,0,ZetaTwo,Manufacturing
1.73,3.48,-0.0812,-0.0314,0.4375,0.133,2.68,0.96,-0.2296,0.304,2.63,-0.22,-0.196,77.1,0.5259199999999999,0.0259,1.2936802973977697,-0.208,-0.3626,0.42,0,2021,1,AlphaCorp,Energy
1.8,2.38,0.0346,0.1455,0.4724,0.0491,6.93,0.82,0.3264,0.4388,2.14,0.077,0.089,69.5,0.7898400000000001,0.04185,0.3429394812680115,0.0829999999999999,0.2773,0.387368,2,2020,0,BetaInc,Healthcare
0.98,3.4,0.0382,-0.0903,0.2879,0.0617,7.23,1.03,0.0869,0.2073,1.79,-0.222,0.101,85.6,0.203154,0.0499499999999999,0.4696132596685082,-0.0605,0.0252,0.296537,4,2019,0,GammaTech,Real Estate
1.89,3.76,-0.1327,-0.0142,0.1323,-0.0066,0.91,1.0,0.0427,0.2439,1.67,0.054,-0.214,53.2,0.4609709999999999,-0.06965,4.08695652173913,-0.08,0.0493,0.1323,7,2021,1,DeltaFin,Transportation
2.01,2.15,-0.059,0.0006,0.343,0.0569,6.1,0.98,-0.1316,0.1429,1.1,0.22,0.024,75.4,0.2872289999999999,-0.0010499999999999,0.3518821603927987,0.122,-0.1885,0.33614,6,2020,1,EpsilonMfg,Technology
1.64,1.07,-0.0449,0.0786,0.4315,0.0467,4.96,1.23,0.1315,0.4642,2.04,0.263,-0.361,75.8,0.761288,0.0008999999999999,0.2152917505030181,-0.0489999999999999,0.0848,0.530745,1,2022,0,ZetaRetail,Finance
1.64,3.03,-0.0756,-0.0126,0.106,0.0757,8.49,0.51,-0.0562,0.3549,2.45,-0.104,-0.155,43.0,0.582036,5.000000000000143e-05,0.3564705882352941,-0.1295,-0.1319,0.05406,5,2019,0,EtaEnergy,Retail
2.06,3.11,-0.0063,-0.0752,0.4064,0.0804,5.68,0.64,0.1709,0.4058,1.74,0.187,-0.115,57.2,0.835948,0.03705,0.546572934973638,0.036,0.0905,0.260096,3,2022,1,ThetaMedia,Manufacturing
2.26,2.34,0.0501,0.222,0.5162,0.0516,6.46,1.31,0.0909,0.2319,2.82,0.289,0.004,15.4,0.524094,0.05085,0.3616692426584235,0.1465,0.0392999999999999,0.676222,0,2020,0,IotaBank,Energy
1.22,2.08,-0.1175,-0.1155,0.3401,-0.0202,6.67,0.89,-0.2217,0.4044,2.28,-0.212,0.068,56.3,0.493368,-0.06885,0.311377245508982,-0.072,-0.2015,0.302689,2,2019,0,KappaPharm,Healthcare
2.03,2.64,0.0492,-0.018,0.4808,0.0957,11.36,0.99,-0.2353,0.01,2.59,0.322,-0.111,85.6,0.0203,0.07245,0.2321899736147757,0.1055,-0.331,0.475992,4,2019,1,LambdaAuto,Real Estate
0.87,3.51,-0.104,-0.0689,0.4218,0.0094,4.25,0.64,-0.1311,0.4529,2.34,-0.267,0.219,65.3,0.394023,-0.0472999999999999,0.823943661971831,-0.024,-0.1404999999999999,0.269952,7,2018,1,MuConsult,Transportation
1.02,3.93,-0.0131,-0.0756,0.2477,-0.0844,4.01,0.78,-0.1305,0.2753,1.92,-0.1,0.081,60.5,0.280806,-0.04875,0.9776119402985076,-0.0095,-0.0461,0.193206,6,2020,1,NuLogistics,Technology
2.65,1.19,0.0852,0.4128,0.4231,0.1198,9.1,1.09,-0.1223,0.5063,3.13,0.236,0.018,32.6,1.341695,0.1025,0.1306256860592755,0.127,-0.2421,0.461179,1,2022,0,XiTelecom,Finance
1.34,4.36,-0.1217,-0.2667,0.2301,0.0819,6.51,0.94,0.0058,0.281,0.97,-0.19,0.195,67.6,0.37654,-0.0199,0.6687116564417179,0.0025,-0.0761,0.216294,5,2018,1,OmicronReal,Retail
2.53,0.76,0.2767,0.1424,0.3898,0.1869,7.07,1.5,-0.0565,0.3579,3.67,0.258,0.31,63.4,0.905487,0.2318,0.1073446327683615,0.284,-0.2434,0.5847,3,2019,0,PiConstruct,Manufacturing
2.05,1.62,0.1487,0.1373,0.1816,0.1923,6.02,1.03,0.1833,0.289,1.91,0.407,0.315,55.7,0.5924499999999999,0.1704999999999999,0.2686567164179105,0.361,-0.009,0.187048,0,2021,0,RhoInsure,Energy
1.31,2.05,0.0404,0.082,0.145,0.1078,7.7,1.05,0.0139,0.369,2.15,-0.328,0.042,60.2,0.48339,0.0741,0.2658884565499351,-0.143,-0.0939,0.15225,2,2021,0,SigmaFood,Healthcare
1.55,2.48,0.0269,-0.141,0.2047,0.0495,7.85,0.81,-0.0133,0.4795,2.28,0.36,0.305,58.0,0.743225,0.0382,0.3155216284987278,0.3325,-0.0628,0.165807,4,2020,0,TauApparel,Real Estate
1.55,2.35,-0.0651,0.1198,0.3264,-0.0598,4.4,0.81,0.034,0.0504,1.72,-0.648,-0.218,68.3,0.07812,-0.06245,0.5328798185941043,-0.433,0.0938,0.264384,7,2019,1,UpsilonMine,Transportation
1.15,4.29,-0.1707,-0.1593,0.3331,0.1815,4.18,0.61,0.1027,0.3113,2.07,-0.351,0.161,54.5,0.357995,0.0054,1.0238663484486874,-0.0949999999999999,-0.0788,0.203191,6,2020,1,PhiAirline,Technology
2.42,3.83,-0.0119,-0.1225,0.4153,-0.0102,3.66,0.63,-0.0199,0.3192,1.32,-0.253,-0.176,57.3,0.7724639999999999,-0.01105,1.0435967302452316,-0.2145,-0.0097,0.261639,1,2021,1,ChiHotel,Finance
1.32,3.66,-0.0477,0.0339,0.178,0.0639,3.38,1.1,0.1098,0.2228,2.65,-0.095,-0.358,59.2,0.294096,0.0081,1.0796460176991152,-0.2264999999999999,0.0458999999999999,0.1958,5,2021,0,PsiDefense,Retail
1.93,1.47,0.04,0.1607,0.3151,0.2872,3.95,1.35,0.0544,0.5262,2.84,0.381,0.043,39.7,1.015566,0.1636,0.3712121212121212,0.212,-0.2328,0.425385,3,2021,0,OmegaUtil,Manufacturing
0.8,3.45,-0.1701,-0.1376,0.165,-0.1668,4.9,0.42,0.0682,0.2775,1.26,0.159,-0.405,90.2,0.222,-0.16845,0.7026476578411406,-0.123,0.235,0.0693,0,2019,0,AlphaTwo,Energy
1.68,1.43,0.1574,0.2379,0.3448,0.1426,7.67,0.68,0.168,0.4332,3.67,0.044,0.384,62.3,0.727776,0.15,0.1861979166666666,0.214,0.0254,0.234464,2,2021,0,BetaTwo,Healthcare
1.04,1.78,-0.0137,0.0646,0.1455,0.2305,6.59,1.06,0.0867,0.5575,1.79,0.122,0.306,56.1,0.5798,0.1084,0.2696969696969697,0.214,-0.1438,0.15423,4,2018,0,GammaTwo,Real Estate
2.02,1.83,0.0574,-0.0243,0.3863,0.1366,9.99,0.79,0.2075,0.394,2.47,-0.088,0.525,49.3,0.79588,0.097,0.183,0.2185,0.0708999999999999,0.305177,7,2022,0,DeltaTwo,Transportation
2.1,2.08,0.0446,0.0049,0.3342,0.158,3.07,0.9,0.1425,0.6143,2.38,0.337,0.415,52.7,1.29003,0.1013,0.6753246753246754,0.376,-0.0155,0.30078,6,2018,1,EpsilonTwo,Technology
2.31,1.37,0.1204,0.3102,0.3549,0.188,4.8,0.46,0.2027,0.4237,3.53,-0.071,0.266,71.2,0.978747,0.1542,0.2848232848232849,0.0975,0.0146999999999999,0.163254,1,2022,0,ZetaTwo,Finance
1.38,3.14,0.0773,-0.0119,0.434,-0.0502,6.24,0.66,-0.0704,0.2196,1.54,-0.153,0.191,70.8,0.303048,0.0135499999999999,0.5024000000000001,0.019,-0.0202,0.28644,5,2019,0,AlphaCorp,Retail
1.56,2.17,-0.0174,0.0718,0.175,0.0117,6.68,1.18,0.2856,0.6119,2.13,-0.089,0.187,58.3,0.954564,-0.0028499999999999,0.3243647234678625,0.049,0.2739,0.2065,3,2020,1,BetaInc,Manufacturing
2.13,2.45,0.0816,0.2649,0.5157,0.2026,7.43,1.3,0.063,0.4129,3.09,0.181,0.001,32.2,0.879477,0.1421,0.3293010752688172,0.091,-0.1396,0.6704100000000001,0,2021,1,GammaTech,Energy
2.27,0.4,0.1654,0.2299,0.5136,0.1804,8.51,1.04,0.2425,0.177,3.09,0.073,0.472,39.3,0.40179,0.1729,0.0469483568075117,0.2724999999999999,0.0620999999999999,0.534144,2,2019,0,DeltaFin,Healthcare
1.94,1.83,0.0418,0.0618,0.4904,0.0185,5.67,1.24,-0.0083,0.5076,3.26,0.028,0.22,42.8,0.984744,0.0301499999999999,0.3221830985915493,0.124,-0.0267999999999999,0.608096,4,2022,0,EpsilonMfg,Real Estate
1.64,1.26,0.0021,0.0935,0.5872,0.1662,7.85,1.18,0.0886,0.4904,2.85,0.214,0.055,25.1,0.804256,0.0841499999999999,0.1603053435114504,0.1345,-0.0775999999999999,0.6928960000000001,7,2021,0,ZetaRetail,Transportation
1.31,3.29,0.0558,0.0355,0.4999,0.1359,8.73,0.24,0.015,0.2424,1.77,-0.203,0.041,47.2,0.317544,0.0958499999999999,0.3764302059496567,-0.081,-0.1209,0.119976,6,2022,0,EtaEnergy,Technology
1.5,3.19,0.0345,0.0177,0.2482,-0.0861,7.17,0.52,0.0621,0.4175,1.66,-0.123,-0.252,76.1,0.62625,-0.0257999999999999,0.4442896935933147,-0.1875,0.1482,0.129064,1,2019,1,ThetaMedia,Finance
1.93,3.45,0.0307,0.1162,0.2381,0.0939,5.46,1.1,0.0028,0.2513,2.2,0.167,-0.145,65.4,0.485009,0.0623,0.6307129798903108,0.011,-0.0911,0.26191,5,2020,0,IotaBank,Retail
1.19,4.25,-0.0075,0.0364,0.3931,-0.0149,4.1,1.13,-0.1698,0.3172,1.17,0.109,-0.099,74.7,0.3774679999999999,-0.0112,1.0340632603406328,0.0049999999999999,-0.1549,0.4442029999999999,3,2019,1,KappaPharm,Manufacturing
0.81,3.19,-0.0635,-0.0443,0.2977,0.175,7.57,1.12,0.2746,0.3729,1.87,0.043,0.027,79.8,0.302049,0.0557499999999999,0.420844327176781,0.0349999999999999,0.0996,0.333424,0,2020,0,LambdaAuto,Energy
1.4,4.16,-0.1575,0.0367,0.4345,0.1635,5.65,0.55,0.0577,0.1316,1.41,-0.018,-0.243,59.4,0.18424,0.003,0.734982332155477,-0.1305,-0.1058,0.238975,2,2022,1,MuConsult,Healthcare
1.9,2.83,0.0772,-0.1037,0.3621,0.0754,6.43,0.81,0.0968,0.2105,2.0,-0.095,0.198,62.4,0.3999499999999999,0.0763,0.4394409937888199,0.0515,0.0214,0.293301,4,2022,1,NuLogistics,Real Estate
2.12,2.79,0.0294,0.0393,0.482,0.1508,6.08,1.08,-0.1015,0.3922,1.81,-0.121,0.175,27.2,0.831464,0.0901,0.458128078817734,0.0269999999999999,-0.2522999999999999,0.52056,7,2018,1,XiTelecom,Transportation
1.62,2.48,-0.045,0.1063,0.3689,0.2408,7.83,1.16,-0.1574,0.4134,1.87,-0.137,0.007,79.0,0.6697080000000001,0.0978999999999999,0.3163265306122449,-0.065,-0.3982,0.4279239999999999,6,2020,1,OmicronReal,Technology
1.58,1.95,-0.0335,0.0665,0.3774,0.0317,0.52,0.71,0.0573,0.4414,2.22,-0.051,0.491,57.3,0.697412,-0.0009,3.679245283018868,0.22,0.0255999999999999,0.2679539999999999,1,2018,0,PiConstruct,Finance
1.74,2.81,-0.0271,-0.0803,0.3567,-0.096,7.6,0.4,-0.0558,0.3153,1.16,-0.285,-0.055,75.9,0.548622,-0.06155,0.3692509855453351,-0.1699999999999999,0.0402,0.14268,5,2022,1,RhoInsure,Retail
1.74,1.36,0.0389,-0.0091,0.4191,0.0647,6.32,0.59,-0.1663,0.6351,2.47,0.158,-0.124,69.6,1.105074,0.0518,0.2148499210110584,0.017,-0.2309999999999999,0.2472689999999999,3,2022,1,SigmaFood,Manufacturing
1.89,2.72,-0.0945,-0.0115,0.143,0.1081,5.43,0.77,-0.0456,0.425,2.14,-0.095,0.076,79.6,0.8032499999999999,0.0068,0.5000000000000001,-0.0095,-0.1537,0.11011,0,2019,0,TauApparel,Energy
2.07,1.04,-0.0414,0.2942,0.3688,0.185,8.38,1.39,-0.2205,0.4475,3.26,0.159,0.545,34.4,0.926325,0.0718,0.1239570917759237,0.352,-0.4054999999999999,0.512632,2,2020,0,UpsilonMine,Healthcare
2.31,2.67,0.0316,0.0055,0.3667,0.0759,6.87,1.43,-0.0791,0.3274,2.67,-0.008,0.37,67.7,0.756294,0.05375,0.3880813953488372,0.181,-0.155,0.524381,4,2019,0,PhiAirline,Real Estate
1.38,3.6,0.1313,-0.0445,0.2172,0.0663,3.59,1.23,-0.0335,0.2022,1.59,0.095,-0.076,61.7,0.2790359999999999,0.0988,1.0000000000000002,0.0095,-0.0998,0.267156,7,2021,1,ChiHotel,Transportation
1.98,1.59,0.0905,-0.0377,0.4283,0.2033,8.59,1.03,0.0252,0.2721,3.03,-0.058,-0.145,66.7,0.538758,0.1469,0.1848837209302326,-0.1014999999999999,-0.1781,0.441149,6,2020,1,PsiDefense,Technology
1.93,1.05,-0.0022,0.1275,0.3799,0.2516,9.37,1.22,0.1136,0.2539,2.95,0.168,-0.105,67.3,0.490027,0.1246999999999999,0.1119402985074627,0.0315,-0.1379999999999999,0.463478,1,2020,0,OmegaUtil,Finance
1.32,3.51,-0.0038,-0.1213,0.5049,0.1401,5.49,0.8,0.0312,0.3741,1.05,0.391,-0.188,68.0,0.493812,0.06815,0.6381818181818182,0.1015,-0.1089,0.40392,5,2019,0,AlphaTwo,Retail
2.01,3.18,-0.0953,0.0319,0.2582,0.105,8.64,0.96,-0.0917,0.4027,2.14,0.403,0.039,59.2,0.8094269999999999,0.00485,0.3676300578034682,0.221,-0.1966999999999999,0.2478719999999999,3,2019,1,BetaTwo,Manufacturing
1.41,2.93,-0.1011,0.1468,0.2659,0.1355,3.4,1.07,0.1043,0.3763,1.68,0.059,-0.234,61.7,0.530583,0.0172,0.8592375366568916,-0.0875,-0.0312,0.284513,0,2022,0,GammaTwo,Energy
0.99,3.34,-0.1663,0.1289,0.3548,0.1485,4.26,0.76,-0.0128,0.616,2.38,-0.007,0.019,75.8,0.6098399999999999,-0.0089,0.7822014051522249,0.006,-0.1613,0.269648,2,2019,1,DeltaTwo,Healthcare
1.18,3.68,0.0986,0.1263,0.2069,-0.1765,3.97,0.88,-0.1351,0.1213,2.0,-0.181,0.022,64.9,0.143134,-0.03895,0.9246231155778896,-0.0795,0.0413999999999999,0.182072,4,2018,1,EpsilonTwo,Real Estate
2.45,2.12,0.0458,-0.0055,0.4615,0.0196,4.31,0.94,-0.1823,0.2524,1.98,0.06,-0.19,53.6,0.61838,0.0327,0.4907407407407408,-0.065,-0.2019,0.43381,7,2022,1,ZetaTwo,Transportation
2.15,1.41,0.0794,0.1278,0.1727,0.1182,6.1,0.78,0.2203,0.2677,2.19,0.111,0.211,55.9,0.5755549999999999,0.0988,0.2307692307692307,0.161,0.1021,0.134706,6,2021,1,AlphaCorp,Technology
2.06,0.37,0.2264,0.1322,0.3876,0.2273,12.03,1.21,0.1819,0.3987,2.58,0.025,-0.072,47.4,0.821322,0.22685,0.0307308970099667,-0.0234999999999999,-0.0453999999999999,0.4689959999999999,1,2020,0,BetaInc,Finance
1.77,0.87,-0.0128,-0.0649,0.186,0.1888,7.39,1.44,-0.0542,0.3754,2.05,-0.005,0.044,51.6,0.664458,0.088,0.1175675675675675,0.0195,-0.243,0.2678399999999999,5,2021,0,GammaTech,Retail
2.07,1.94,0.118,0.1685,0.2976,0.1204,9.0,1.26,-0.0093,0.488,2.8,-0.088,0.258,57.0,1.01016,0.1192,0.2153163152053274,0.085,-0.1296999999999999,0.374976,3,2022,1,DeltaFin,Manufacturing
2.09,1.27,0.0219,0.2255,0.4647,0.1467,5.12,1.07,0.2057,0.3366,3.31,0.404,0.447,57.2,0.703494,0.0843,0.2475633528265107,0.4255,0.059,0.497229,0,2019,0,EpsilonMfg,Energy
1.77,2.23,-0.0848,0.2606,0.5037,0.1029,9.09,1.04,0.2362,0.5546,2.34,0.289,0.095,52.4,0.981642,0.00905,0.245054945054945,0.192,0.1332999999999999,0.5238480000000001,2,2020,0,ZetaRetail,Healthcare
2.23,2.49,-0.0268,0.0483,0.2506,-0.0952,4.89,0.96,0.1717,0.2185,2.74,-0.181,-0.139,77.9,0.487255,-0.061,0.5081632653061225,-0.16,0.2669,0.2405759999999999,4,2019,1,EtaEnergy,Real Estate
1.95,3.21,0.0279,-0.0474,0.2332,0.1326,4.29,0.83,0.0267,0.5352,2.9,-0.037,0.028,38.8,1.04364,0.08025,0.7465116279069768,-0.0044999999999999,-0.1059,0.1935559999999999,7,2020,1,ThetaMedia,Transportation
1.99,3.81,-0.0874,-0.0669,0.2583,-0.1271,4.27,1.02,-0.1609,0.4327,1.87,-0.217,-0.09,90.4,0.861073,-0.10725,0.8901869158878506,-0.1535,-0.0338,0.263466,6,2018,1,IotaBank,Technology
1.15,3.98,-0.0133,-0.0899,0.2958,0.094,1.61,0.98,0.0359,0.428,1.15,-0.116,-0.059,83.9,0.4921999999999999,0.04035,2.45679012345679,-0.0875,-0.0581,0.289884,1,2020,0,KappaPharm,Finance
0.97,3.71,-0.0023,-0.0138,0.2942,0.089,3.54,1.29,-0.1302,0.3824,2.08,-0.132,-0.307,87.3,0.370928,0.04335,1.0450704225352112,-0.2195,-0.2192,0.379518,5,2020,0,LambdaAuto,Retail
1.33,1.69,0.0748,0.0499,0.3381,0.0568,6.01,1.21,0.0049,0.1468,2.64,0.022,0.053,79.6,0.195244,0.0658,0.2807308970099668,0.0375,-0.0519,0.409101,3,2021,1,MuConsult,Manufacturing
0.72,4.84,-0.1469,-0.1188,0.0776,-0.0217,1.5,0.43,0.1101,0.342,1.25,-0.075,-0.441,79.6,0.24624,-0.0843,3.205298013245033,-0.258,0.1318,0.033368,0,2019,1,NuLogistics,Energy
1.92,2.32,0.0498,-0.0825,0.2956,0.0778,3.84,0.73,0.0757,0.3579,2.58,-0.075,0.044,53.7,0.687168,0.0638,0.6025974025974026,-0.0155,-0.0020999999999999,0.2157879999999999,2,2019,1,XiTelecom,Healthcare
1.88,3.06,0.1658,0.1127,0.4314,-0.0509,8.83,1.02,0.0212,0.2791,1.94,0.278,0.012,57.1,0.524708,0.05745,0.3461538461538461,0.145,0.0721,0.440028,4,2020,1,OmicronReal,Real Estate
1.68,2.29,0.0748,-0.0185,0.3259,0.0953,6.96,0.97,0.0989,0.4764,2.52,0.157,-0.267,60.6,0.800352,0.08505,0.3285509325681492,-0.055,0.0036,0.316123,7,2022,0,PiConstruct,Transportation
2.91,1.83,0.0942,0.2086,0.4877,0.1318,6.89,0.95,0.1594,0.3651,2.68,0.188,0.371,51.7,1.062441,0.113,0.2652173913043478,0.2794999999999999,0.0275999999999999,0.463315,6,2022,1,RhoInsure,Technology
1.74,1.38,-0.0557,0.0545,0.6564,0.2152,6.58,1.41,-0.0196,0.3389,2.58,0.25,0.432,37.2,0.5896859999999999,0.07975,0.2094081942336874,0.3409999999999999,-0.2348,0.925524,1,2021,0,SigmaFood,Finance
2.24,0.9,0.0596,0.1506,0.5003,0.2381,9.51,1.1,0.2494,0.1612,3.0,0.054,0.401,36.1,0.3610880000000001,0.14885,0.0945378151260504,0.2275,0.0113,0.55033,5,2022,0,TauApparel,Retail
2.06,1.73,0.1248,0.3321,0.208,0.2393,7.77,1.35,0.1617,0.3976,3.03,0.058,-0.047,64.0,0.819056,0.18205,0.2223650385604113,0.0055,-0.0776,0.2808,3,2020,0,UpsilonMine,Manufacturing
1.24,3.41,-0.2243,0.083,0.3042,0.0541,3.41,0.93,0.1942,0.1407,2.11,-0.035,-0.272,101.4,0.1744679999999999,-0.0851,0.9970760233918128,-0.1535,0.1401,0.282906,0,2018,1,PhiAirline,Energy
1.45,3.97,-0.0365,0.0436,0.4028,0.0311,5.95,1.03,-0.0436,0.4149,1.61,-0.174,-0.342,62.6,0.601605,-0.0026999999999999,0.6661073825503356,-0.258,-0.0747,0.414884,2,2018,0,ChiHotel,Healthcare
1.49,3.39,-0.0212,0.1174,0.2067,0.1032,8.63,1.05,0.3202,0.4155,2.03,0.597,0.346,43.9,0.619095,0.041,0.3923611111111111,0.4715,0.2169999999999999,0.217035,4,2019,0,PsiDefense,Real Estate
2.52,1.91,0.1686,0.0841,0.4709,0.0136,7.31,1.43,0.0639,0.1564,3.98,0.338,0.333,35.3,0.394128,0.0911,0.2609289617486339,0.3355,0.0503,0.673387,7,2022,0,OmegaUtil,Transportation
1.37,4.36,-0.013,-0.0356,0.2595,0.0149,6.89,0.53,-0.0517,0.4482,1.93,-0.321,-0.12,82.1,0.6140340000000001,0.00095,0.6318840579710145,-0.2205,-0.0666,0.137535,6,2021,0,AlphaTwo,Technology
1.8,1.62,-0.0295,-0.0007,0.3622,0.1831,4.54,0.79,-0.0333,0.2046,1.99,0.175,-0.199,68.9,0.36828,0.0768,0.356043956043956,-0.012,-0.2164,0.286138,1,2020,0,BetaTwo,Finance
1.19,2.15,-0.0269,0.035,0.34,0.0481,7.21,0.7,0.0981,0.0288,1.29,-0.435,-0.119,70.9,0.034272,0.0105999999999999,0.2977839335180055,-0.277,0.05,0.238,5,2020,1,GammaTwo,Retail
2.44,2.05,0.066,0.2056,0.3887,0.0835,7.43,1.34,0.0747,0.2791,2.7,0.252,0.202,62.2,0.681004,0.07475,0.2755376344086021,0.227,-0.0088,0.520858,3,2020,0,DeltaTwo,Manufacturing
2.26,2.6,-0.049,-0.0088,0.2378,-0.016,6.98,0.83,-0.123,0.6578,1.74,0.251,-0.273,68.3,1.486628,-0.0325,0.3719599427753934,-0.011,-0.107,0.197374,0,2019,1,EpsilonTwo,Energy
1.46,2.93,-0.0272,0.0098,0.3082,-0.0426,5.09,1.27,-0.0938,0.2117,1.89,0.06,0.437,57.5,0.3090819999999999,-0.0349,0.5745098039215687,0.2485,-0.0511999999999999,0.391414,2,2019,0,ZetaTwo,Healthcare
1.7,0.1,0.1287,0.0978,0.156,0.0196,7.34,0.72,0.1894,0.4777,3.12,-0.335,0.042,41.9,0.81209,0.07415,0.0136054421768707,-0.1465,0.1698,0.1123199999999999,4,2022,0,AlphaCorp,Real Estate
1.57,2.78,0.1495,0.089,0.1894,0.0044,7.47,1.02,0.048,0.6494,1.89,0.006,-0.38,77.6,1.019558,0.0769499999999999,0.3716577540106952,-0.187,0.0436,0.193188,7,2020,1,BetaInc,Transportation
1.57,3.41,-0.0394,-0.2741,0.1828,0.1006,0.95,1.15,0.1254,0.294,2.03,0.058,-0.067,52.8,0.46158,0.0306,3.5520833333333335,-0.0045,0.0248,0.2102199999999999,6,2022,1,GammaTech,Technology
1.71,3.57,-0.0869,-0.0772,0.1517,-0.0786,5.69,0.63,0.2082,0.2857,1.13,-0.299,0.148,70.3,0.488547,-0.08275,0.6263157894736842,-0.0755,0.2868,0.095571,1,2018,1,DeltaFin,Finance
1.9,1.39,0.1339,0.1905,0.4304,0.2682,5.42,1.19,0.1781,0.2408,2.48,0.058,0.033,57.5,0.4575199999999999,0.20105,0.2559852670349908,0.0455,-0.0900999999999999,0.512176,5,2022,0,EpsilonMfg,Retail
2.48,1.22,0.155,0.1205,0.3702,0.3629,5.71,0.94,-0.065,0.5423,3.5,0.491,0.369,50.2,1.344904,0.25895,0.2132867132867132,0.43,-0.4279,0.3479879999999999,3,2019,0,ZetaRetail,Manufacturing
1.72,1.77,0.0672,0.2006,0.3499,0.0896,3.47,0.92,-0.1438,0.3577,2.99,-0.312,0.334,52.3,0.615244,0.0784,0.5086206896551724,0.011,-0.2334,0.321908,0,2019,1,EtaEnergy,Energy
1.25,3.69,-0.0737,-0.0545,0.3471,-0.0445,4.58,1.05,-0.1505,0.01,1.65,0.373,-0.11,78.3,0.0125,-0.0591,0.803921568627451,0.1315,-0.106,0.364455,2,2021,1,ThetaMedia,Healthcare
2.14,1.9,-0.0374,0.2658,0.3393,0.1459,6.86,0.74,0.1336,0.4029,2.16,0.164,-0.044,45.9,0.862206,0.05425,0.2765647743813682,0.06,-0.0123,0.2510819999999999,4,2021,0,IotaBank,Real Estate
1.86,1.51,-0.0133,0.1106,0.4312,0.1718,10.88,1.7,0.1778,0.5958,4.03,-0.008,0.18,43.9,1.108188,0.07925,0.1386593204775023,0.086,0.006,0.73304,7,2019,0,KappaPharm,Transportation
1.36,1.65,0.0048,-0.0813,0.428,0.0429,6.02,0.89,0.1531,0.6184,1.55,-0.195,0.056,56.0,0.841024,0.02385,0.2736318407960199,-0.0695,0.1102,0.38092,6,2022,1,LambdaAuto,Technology
1.4,3.47,-0.0857,0.03,0.1374,0.0259,7.43,0.71,-0.1036,0.373,1.63,0.058,-0.071,44.2,0.5222,-0.0299,0.4663978494623656,-0.0064999999999999,-0.1295,0.0975539999999999,1,2022,1,MuConsult,Finance
1.61,2.62,-0.0227,0.1586,0.3985,0.1051,3.36,1.36,0.0172,0.4644,2.5,0.048,0.117,57.4,0.747684,0.0412,0.7774480712166173,0.0825,-0.0879,0.5419600000000001,5,2019,0,NuLogistics,Retail
1.91,1.81,0.0134,0.0808,0.1769,0.178,12.26,0.87,0.1196,0.5161,3.24,0.084,-0.253,57.5,0.985751,0.0957,0.1475142624286878,-0.0844999999999999,-0.0583999999999999,0.153903,3,2022,1,XiTelecom,Manufacturing
0.64,4.16,-0.0041,-0.2132,0.3301,-0.0998,4.54,0.95,-0.197,0.01,0.2,-0.457,0.132,84.7,0.0064,-0.05195,0.9142857142857144,-0.1625,-0.0972,0.313595,0,2020,1,OmicronReal,Energy
1.39,3.34,0.0036,0.0473,0.1767,0.0291,0.5,0.78,-0.119,0.3227,0.97,-0.179,0.126,63.6,0.4485529999999999,0.01635,6.549019607843137,-0.0264999999999999,-0.1481,0.137826,2,2022,1,PiConstruct,Healthcare
1.67,3.36,-0.0309,0.0644,0.1883,-0.0564,4.83,1.04,0.1079,0.1317,2.27,0.025,-0.187,50.1,0.219939,-0.04365,0.6942148760330579,-0.081,0.1643,0.195832,4,2019,0,RhoInsure,Real Estate
1.72,4.1,-0.0111,0.0709,0.3171,0.2396,2.28,0.92,-0.1765,0.01,2.13,0.024,-0.064,64.5,0.0172,0.11425,1.7903930131004369,-0.02,-0.4161,0.291732,7,2020,0,SigmaFood,Transportation
2.05,1.61,0.1414,0.1156,0.2734,0.1108,6.5,0.71,0.0534,0.3819,3.17,-0.058,-0.287,46.9,0.782895,0.1261,0.2473118279569892,-0.1725,-0.0573999999999999,0.1941139999999999,6,2021,0,TauApparel,Technology
2.46,1.35,0.2258,0.2688,0.4726,0.1472,8.82,1.07,0.0676,0.476,3.39,-0.01,0.518,50.8,1.17096,0.1865,0.1528878822197055,0.254,-0.0796,0.5056820000000001,1,2020,0,UpsilonMine,Finance
0.87,0.99,0.3136,0.0441,0.3642,0.1241,6.08,1.08,-0.1836,0.5606,2.36,0.071,0.272,50.4,0.487722,0.21885,0.1625615763546798,0.1715,-0.3077,0.3933360000000001,5,2020,0,PhiAirline,Retail
1.64,3.32,-0.0484,-0.0488,0.4517,0.0342,5.76,1.19,-0.0186,0.53,2.17,0.075,-0.147,72.9,0.8692,-0.0070999999999999,0.5753899480069324,-0.036,-0.0528,0.537523,3,2022,1,ChiHotel,Manufacturing
1.43,2.54,0.0836,-0.1057,0.2153,-0.1756,4.05,0.77,0.0724,0.0582,0.99,0.007,0.128,53.4,0.083226,-0.046,0.6256157635467982,0.0675,0.248,0.1657809999999999,0,2022,0,PsiDefense,Energy
1.57,2.65,-0.0176,0.0482,0.2409,0.1532,6.48,0.97,-0.0774,0.4057,1.8,-0.114,0.033,93.5,0.636949,0.0678,0.4083204930662557,-0.0405,-0.2306,0.233673,2,2022,0,OmegaUtil,Healthcare
1.27,4.25,-0.1591,-0.0237,0.1975,-0.0369,6.05,0.99,-0.1074,0.2272,1.23,0.463,-0.043,64.8,0.288544,-0.098,0.7013201320132013,0.21,-0.0705,0.195525,4,2018,1,AlphaTwo,Real Estate
2.06,2.34,0.0037,-0.084,0.2866,0.0814,7.25,0.81,-0.0295,0.459,2.33,0.125,0.33,56.5,0.94554,0.04255,0.3223140495867768,0.2275,-0.1109,0.232146,7,2020,0,BetaTwo,Transportation
0.8,3.4,0.0883,-0.0634,0.1378,0.1224,4.19,0.99,0.1078,0.2838,1.04,0.047,-0.125,85.8,0.22704,0.10535,0.8095238095238094,-0.039,-0.0145999999999999,0.136422,6,2022,1,GammaTwo,Technology
1.78,2.41,0.2157,0.157,0.5575,0.1018,6.65,1.06,0.1485,0.3586,3.21,0.252,-0.048,56.1,0.638308,0.15875,0.3618618618618618,0.102,0.0466999999999999,0.59095,1,2018,0,DeltaTwo,Finance
1.59,2.08,0.0437,-0.0589,0.315,0.0103,5.73,1.01,-0.1129,0.3354,1.7,0.235,-0.252,55.8,0.533286,0.027,0.3623693379790941,-0.0085,-0.1232,0.31815,5,2022,0,EpsilonTwo,Retail
1.47,2.8,-0.0474,0.0172,0.3168,0.0192,4.14,0.4,-0.0755,0.225,1.98,0.371,-0.145,54.9,0.33075,-0.0141,0.674698795180723,0.113,-0.0946999999999999,0.12672,3,2019,0,ZetaTwo,Manufacturing
1.85,2.17,0.0285,0.1455,0.4167,0.0197,4.86,0.96,0.0661,0.4853,2.77,0.397,-0.012,50.5,0.8978050000000001,0.0241,0.4455852156057495,0.1925,0.0464,0.400032,0,2019,0,AlphaCorp,Energy
2.15,1.52,0.0872,-0.0178,0.5536,0.1761,4.39,1.03,0.1353,0.2373,3.09,0.502,0.003,57.0,0.510195,0.13165,0.3454545454545455,0.2525,-0.0408,0.570208,2,2020,0,BetaInc,Healthcare
2.28,1.38,0.1284,0.216,0.3928,0.2159,7.19,0.94,0.0149,0.3146,1.85,0.14,0.059,67.3,0.7172879999999999,0.17215,0.1916666666666666,0.0995,-0.201,0.3692319999999999,4,2020,0,GammaTech,Real Estate
1.65,2.46,0.0274,0.1069,0.4449,0.0747,8.36,1.66,0.1234,0.6039,2.67,-0.098,0.123,54.3,0.996435,0.05105,0.2939068100358423,0.0124999999999999,0.0486999999999999,0.738534,7,2022,0,DeltaFin,Transportation
0.46,4.02,-0.0645,-0.2646,0.2006,-0.1138,4.67,0.82,-0.2194,0.1584,0.55,-0.039,0.063,66.9,0.072864,-0.08915,0.8589743589743589,0.012,-0.1056,0.164492,6,2020,1,EpsilonMfg,Technology
0.8,2.97,-0.0475,-0.0516,0.05,0.1145,0.5,0.76,0.1299,0.5776,1.25,-0.41,0.152,86.0,0.46208,0.0335,5.8235294117647065,-0.129,0.0153999999999999,0.038,1,2020,1,ZetaRetail,Finance
1.48,2.6,-0.1023,-0.0143,0.4022,0.2437,3.59,0.22,-0.1238,0.5014,1.48,0.333,0.266,65.0,0.742072,0.0707,0.7222222222222223,0.2995,-0.3675,0.088484,5,2020,0,EtaEnergy,Retail
2.13,1.54,0.0231,0.1428,0.3682,0.0441,9.2,1.0,0.0861,0.248,3.75,0.388,0.362,44.4,0.5282399999999999,0.0336,0.1672095548317047,0.375,0.0419999999999999,0.3682,3,2019,0,ThetaMedia,Manufacturing
1.83,3.16,-0.0582,-0.0303,0.4405,-0.1582,6.07,0.57,-0.02,0.2922,2.1,-0.068,-0.189,89.4,0.534726,-0.1082,0.5197368421052632,-0.1285,0.1382,0.251085,0,2020,0,IotaBank,Energy
1.5,2.47,-0.0289,0.284,0.2467,0.1845,5.42,1.04,0.1586,0.3398,1.75,-0.064,-0.057,90.0,0.5097,0.0778,0.4548802946593002,-0.0605,-0.0259,0.256568,2,2019,0,KappaPharm,Healthcare
1.36,2.4,0.001,-0.0939,0.2295,0.122,8.01,0.78,0.2192,0.4626,2.7,-0.053,0.306,91.0,0.629136,0.0615,0.2992518703241895,0.1265,0.0972,0.17901,4,2022,1,LambdaAuto,Real Estate
1.58,2.28,0.0563,0.0181,0.3572,0.0618,6.4,0.77,0.0679,0.275,2.04,0.213,0.198,71.1,0.4345,0.05905,0.3556942277691107,0.2055,0.0061,0.275044,7,2018,0,MuConsult,Transportation
1.91,1.95,-0.0051,0.2828,0.2723,0.0843,5.6,0.68,0.0925,0.3491,2.67,0.217,0.221,49.9,0.6667810000000001,0.0395999999999999,0.3475935828877005,0.219,0.0081999999999999,0.185164,6,2019,0,NuLogistics,Technology
1.11,4.04,-0.1016,-0.002,0.3497,0.0441,6.83,1.33,-0.0065,0.32,1.17,-0.304,0.121,84.4,0.3552,-0.0287499999999999,0.5906432748538012,-0.0915,-0.0506,0.465101,1,2022,1,XiTelecom,Finance
1.45,2.48,0.0183,0.0174,0.4651,-0.0266,7.55,1.2,0.1223,0.6846,2.02,0.232,0.008,76.9,0.99267,-0.0041499999999999,0.3280423280423281,0.12,0.1489,0.55812,5,2019,0,OmicronReal,Retail
2.25,1.98,0.0741,0.0402,0.5111,0.0922,6.38,1.24,0.101,0.6039,2.81,0.029,0.18,47.1,1.358775,0.08315,0.3098591549295775,0.1045,0.0088,0.633764,3,2021,0,PiConstruct,Manufacturing
2.29,2.08,-0.0739,0.2731,0.445,0.1072,6.31,0.82,-0.1787,0.1042,3.26,0.407,-0.044,68.8,0.238618,0.01665,0.3291139240506329,0.1815,-0.2859,0.3649,0,2022,0,RhoInsure,Energy
0.87,3.98,-0.0573,-0.1622,0.2966,-0.011,7.49,0.39,-0.0558,0.2702,0.92,-0.466,0.085,85.7,0.235074,-0.03415,0.5306666666666666,-0.1905,-0.0448,0.115674,2,2019,1,SigmaFood,Healthcare
2.24,2.47,0.1388,0.1356,0.3524,0.1423,7.22,1.33,-0.0128,0.5447,2.68,0.434,0.22,42.6,1.220128,0.14055,0.3416320885200554,0.327,-0.1551,0.468692,4,2019,0,TauApparel,Real Estate
1.64,2.76,-0.0176,0.0496,0.3849,0.0724,2.63,1.01,0.0768,0.2294,1.68,0.328,0.12,60.0,0.3762159999999999,0.0274,1.0454545454545454,0.224,0.0043999999999999,0.388749,7,2020,1,UpsilonMine,Transportation
1.05,4.03,0.0843,-0.1849,0.05,0.0398,4.71,0.78,-0.0111,0.0869,1.71,0.041,-0.332,69.9,0.091245,0.06205,0.853813559322034,-0.1455,-0.0509,0.039,6,2018,1,PhiAirline,Technology
1.71,1.29,0.0769,0.0026,0.342,0.0818,9.84,0.81,0.2752,0.4922,3.37,0.253,0.05,44.6,0.841662,0.07935,0.1309644670050761,0.1515,0.1934,0.27702,1,2018,0,ChiHotel,Finance
1.77,2.04,0.0219,0.0865,0.131,-0.0483,8.45,1.24,-0.0453,0.337,2.7,0.249,-0.32,45.8,0.5964900000000001,-0.0132,0.2411347517730497,-0.0355,0.003,0.16244,5,2019,1,PsiDefense,Retail
2.1,1.04,0.1348,0.1724,0.2881,0.1777,9.97,1.33,0.0798,0.3523,3.38,-0.073,0.222,35.2,0.73983,0.15625,0.1042084168336673,0.0745,-0.0979,0.383173,3,2020,0,OmegaUtil,Manufacturing
2.24,0.61,0.1808,0.2793,0.491,0.0899,7.78,1.1,0.0166,0.678,3.12,-0.338,0.229,44.7,1.5187200000000003,0.13535,0.0783055198973042,-0.0545,-0.0732999999999999,0.5401,0,2020,0,AlphaTwo,Energy
1.99,2.56,-0.12,-0.126,0.337,0.1026,9.09,0.96,-0.073,0.4459,2.33,-0.02,-0.278,61.5,0.887341,-0.0087,0.2813186813186813,-0.149,-0.1755999999999999,0.32352,2,2022,1,BetaTwo,Healthcare
1.96,0.76,0.1717,0.1722,0.3449,0.1924,8.64,0.75,0.0803,0.2513,3.08,0.012,0.103,51.1,0.492548,0.18205,0.0878612716763005,0.0574999999999999,-0.1120999999999999,0.258675,4,2022,0,GammaTwo,Real Estate
1.37,1.53,0.0121,-0.0215,0.5041,0.2894,8.54,1.09,0.0496,0.2428,3.26,0.104,-0.002,68.1,0.332636,0.15075,0.1789473684210526,0.051,-0.2397999999999999,0.549469,7,2021,0,DeltaTwo,Transportation
1.81,2.74,0.0642,0.2344,0.3548,0.0519,8.17,0.96,-0.0644,0.6117,2.5,-0.226,0.378,47.8,1.107177,0.05805,0.3349633251833741,0.076,-0.1163,0.3406079999999999,6,2018,0,EpsilonTwo,Technology
1.96,2.8,0.1273,0.1734,0.3411,-0.0516,3.43,1.24,0.1633,0.2784,1.99,-0.104,0.116,59.0,0.5456639999999999,0.0378499999999999,0.813953488372093,0.006,0.2149,0.422964,1,2020,0,ZetaTwo,Finance
1.54,3.01,0.1037,-0.043,0.3748,-0.0727,6.79,0.8,-0.0697,0.2021,1.89,0.081,-0.263,60.3,0.311234,0.0155,0.4426470588235294,-0.091,0.003,0.29984,5,2022,0,AlphaCorp,Retail
2.01,1.29,-0.0417,-0.0199,0.4136,0.0771,9.6,1.16,-0.0427,0.4543,2.29,0.178,0.234,72.0,0.9131429999999998,0.0177,0.1342351716961498,0.206,-0.1198,0.479776,3,2020,0,BetaInc,Manufacturing
2.41,2.25,0.1754,0.1213,0.3586,0.048,6.05,1.03,-0.1201,0.294,2.96,0.189,-0.055,36.3,0.70854,0.1117,0.3712871287128713,0.067,-0.1681,0.3693579999999999,0,2018,0,GammaTech,Energy
2.02,2.47,-0.05,0.0137,0.4379,0.0525,3.9,0.48,0.0147,0.1724,1.97,0.314,0.004,54.6,0.348248,0.0012499999999999,0.6317135549872124,0.159,-0.0378,0.210192,2,2022,1,DeltaFin,Healthcare
2.46,2.04,-0.085,0.1313,0.4816,0.1187,10.98,1.22,0.1407,0.5481,2.83,-0.367,0.003,69.1,1.348326,0.0168499999999999,0.1856232939035486,-0.182,0.0219999999999999,0.587552,4,2019,0,EpsilonMfg,Real Estate
1.89,1.56,-0.0246,-0.0252,0.5422,0.0475,8.86,0.96,-0.0431,0.2117,2.24,0.076,0.19,52.4,0.400113,0.01145,0.1758737316798196,0.133,-0.0906,0.520512,7,2021,0,ZetaRetail,Transportation
1.76,1.62,0.0046,0.0519,0.4128,0.0808,7.81,1.35,-0.0271,0.3176,2.94,0.428,-0.148,34.6,0.558976,0.0427,0.2071611253196931,0.14,-0.1079,0.55728,6,2020,0,EtaEnergy,Technology
0.86,3.68,-0.0906,-0.252,0.1378,0.1206,0.5,0.66,0.0316,0.5273,0.98,-0.172,-0.176,96.1,0.453478,0.015,7.215686274509804,-0.174,-0.089,0.090948,1,2019,1,ThetaMedia,Finance
1.9,2.67,0.0847,0.0759,0.4664,0.1128,4.5,0.6,0.2133,0.0311,2.45,0.696,0.169,54.8,0.05909,0.09875,0.5920177383592018,0.4325,0.1004999999999999,0.27984,5,2022,0,IotaBank,Retail
1.46,2.86,-0.1094,0.0396,0.3373,0.1114,9.52,0.89,0.0629,0.8334,2.66,0.487,0.205,47.9,1.216764,0.001,0.3001049317943337,0.346,-0.0485,0.300197,3,2018,0,KappaPharm,Manufacturing
1.84,1.14,0.0988,0.3029,0.3517,0.1968,5.05,1.32,-0.1084,0.5401,2.99,0.171,0.095,33.8,0.993784,0.1478,0.225296442687747,0.133,-0.3052,0.464244,0,2020,0,LambdaAuto,Energy
1.78,0.86,0.0852,-0.0458,0.4068,0.3131,8.76,0.99,0.0288,0.5616,2.75,0.577,0.552,51.6,0.999648,0.19915,0.0980615735461801,0.5645,-0.2843,0.402732,2,2018,0,MuConsult,Healthcare
1.98,3.15,-0.0774,-0.0971,0.3067,0.0735,8.7,0.21,-0.1014,0.2881,1.66,-0.153,-0.099,53.6,0.570438,-0.00195,0.3616532721010333,-0.126,-0.1749,0.0644069999999999,4,2022,1,NuLogistics,Real Estate
1.8,1.94,-0.023,-0.0344,0.3067,0.1386,4.32,0.78,-0.0072,0.3408,2.4,0.46,0.152,68.4,0.61344,0.0578,0.4480369515011547,0.306,-0.1458,0.239226,7,2022,0,XiTelecom,Transportation
1.41,2.61,0.0673,-0.0488,0.2516,-0.0181,7.56,0.71,0.1172,0.2496,1.27,-0.121,-0.055,68.5,0.3519359999999999,0.0245999999999999,0.344782034346103,-0.088,0.1353,0.178636,6,2022,1,OmicronReal,Technology
2.0,1.09,0.0531,-0.015,0.3034,0.2088,8.15,1.01,0.1833,0.4646,3.34,0.053,0.028,38.0,0.9292,0.13095,0.133578431372549,0.0405,-0.0255,0.306434,1,2020,0,PiConstruct,Finance
2.18,2.63,-0.0611,-0.0186,0.3993,-0.0616,4.17,1.26,0.0659,0.2569,2.48,0.212,0.284,45.7,0.560042,-0.06135,0.6291866028708134,0.248,0.1275,0.503118,5,2020,0,RhoInsure,Retail
2.12,1.93,0.0259,0.0965,0.3836,0.2162,5.8,1.02,0.3159,0.5788,3.41,0.171,0.196,63.9,1.227056,0.12105,0.3321858864027538,0.1835,0.0997,0.391272,3,2022,1,SigmaFood,Manufacturing
1.89,1.66,0.0077,-0.0372,0.3233,0.0023,11.74,1.0,0.0678,0.4765,3.11,0.326,0.322,46.7,0.900585,0.005,0.1412765957446808,0.324,0.0655,0.3233,0,2020,0,TauApparel,Energy
1.7,1.92,0.0523,0.1503,0.2825,0.0803,8.4,0.45,0.1155,0.4955,2.12,0.06,0.395,63.3,0.8423499999999999,0.0663,0.2282996432818073,0.2275,0.0352,0.127125,2,2021,0,UpsilonMine,Healthcare
